junction_aa	v_call	j_call
CASSVSGPSSYEQYF	TRBV5-6*01	TRBJ2-7*01
CASSLIGEGNQPQHF	TRBV5-6*01	TRBJ1-5*01
CASSAGAYEKLFF	TRBV5-6*01	TRBJ1-4*01
CASSSPDRDEQFF	TRBV5-6*01	TRBJ2-1*01
CASSLQGYYEQYF	TRBV5-6*01	TRBJ2-5*01
CASSLGDSYEQYF	TRBV5-6*01	TRBJ2-7*01
CASSLYGSSYNEQFF	TRBV5-6*01	TRBJ2-1*01
CASSLVASGYNEQFF	TRBV5-6*01	TRBJ2-1*01
CASSLYWGVTGELFF	TRBV5-6*01	TRBJ2-2*01
CASSSGTDRFYEQYF	TRBV5-6*01	TRBJ2-7*01
CASSFQPTYEQYF	TRBV5-6*01	TRBJ2-5*01
CASSLGLNDEQFF	TRBV5-6*01	TRBJ2-1*01
CASSLKQGAGNEQFF	TRBV5-6*01	TRBJ2-1*01
CASSIMTDTNYGYTF	TRBV5-6*01	TRBJ1-2*01
CASSLAPSVSYEQYF	TRBV5-6*01	TRBJ2-5*01
CASSLLGEYEEFF	TRBV5-6*01	TRBJ2-1*01
CASSWGGRGPETQYF	TRBV5-6*01	TRBJ2-5*01
CASSLISVCDQPQHF	TRBV5-6*01	TRBJ1-5*01
CASRSVGVAEQYF	TRBV5-6*01	TRBJ2-7*01
CASSPSGGSGYTF	TRBV5-6*01	TRBJ1-2*01
CASSARLAGGLETQYF	TRBV5-6*01	TRBJ2-5*01
CASSLEPRGNTGELFF	TRBV5-6*01	TRBJ2-2*01
CASSRPGPSYEQYF	TRBV5-6*01	TRBJ2-7*01
CASSSSGRLETQYF	TRBV5-6*01	TRBJ2-5*01
CASSRVGDQETQYF	TRBV5-6*01	TRBJ2-5*01
CASSRQGLGETQYF	TRBV5-6*01	TRBJ2-5*01
CASSSQGTNQPQHF	TRBV5-6*01	TRBJ1-5*01
CASSLRARHETQYF	TRBV5-6*01	TRBJ2-5*01
CASSPTIGGGETQYF	TRBV5-6*01	TRBJ2-5*01
CASSLYQGINSPLHF	TRBV5-6*01	TRBJ1-6*01
CASSLGWTYEQYF	TRBV5-6*01	TRBJ2-7*01
CASSSLAGGLYEQYF	TRBV5-6*01	TRBJ2-7*01
CASSLPGDRINEQFF	TRBV5-6*01	TRBJ2-1*01
CASSLGPAGFYEQFF	TRBV5-6*01	TRBJ2-1*01
CASSLVGGA*YEQYF	TRBV5-6*01	TRBJ2-7*01
CASRSGQ*ETQYF	TRBV5-6*01	TRBJ2-5*01
CASSKQGALLADTQYF	TRBV5-6*01	TRBJ2-3*01
CASSLGAANEKLFF	TRBV5-6*01	TRBJ1-4*01
CASTAGDTF*TQYF	TRBV5-6*01	TRBJ2-5*01
CASSLSGEQYF	TRBV5-6*01	TRBJ2-7*01
CASRGGQGAFF	TRBV5-6*01	TRBJ1-1*01
CASSLTGGTEKLFF	TRBV5-6*01	TRBJ1-4*01
CASSLGPGTGYF	TRBV5-6*01	TRBJ2-5*01
CASSVGHPTLKNIQYF	TRBV5-6*01	TRBJ2-4*01
CASSSPRRGYYNEQFF	TRBV5-6*01	TRBJ2-1*01
CASSLESRVNTDTQYF	TRBV5-6*01	TRBJ2-3*01
CASRPPGSQETQYF	TRBV5-6*01	TRBJ2-5*01
CASSSGGGQGARYF	TRBV5-6*01	TRBJ2-5*01
CASSLQGGVGGYTF	TRBV5-6*01	TRBJ1-2*01
CASSLFWSDFYEQYF	TRBV5-6*01	TRBJ2-5*01
CASSSRTGWVQYF	TRBV5-6*01	TRBJ2-4*01
CASSLGPAGNYEQYF	TRBV5-6*01	TRBJ2-7*01
CASSLVSTPEAFF	TRBV5-6*01	TRBJ1-1*01
CASKRGVGTSETQYF	TRBV5-6*01	TRBJ2-5*01
CASSLGSLGGNEQFF	TRBV5-6*01	TRBJ2-1*01
CASSLEPSVPYEQYF	TRBV5-6*01	TRBJ2-7*01
CASSPWYGTEAFF	TRBV27*01	TRBJ1-1*01
CASSFRDRGGYTF	TRBV27*01	TRBJ1-2*01
CASSQTGGAFYPNQPQHF	TRBV27*01	TRBJ1-5*01
CASSLRARSGGDTGELFF	TRBV27*01	TRBJ2-2*01
CASSLDYRGRTLDTEAFF	TRBV27*01	TRBJ1-1*01
CASSLAGGPRLRTDTQYF	TRBV27*01	TRBJ2-3*01
CASSFRGQGRVNTGELFF	TRBV27*01	TRBJ2-2*01
CASSSLGYNEQFF	TRBV27*01	TRBJ2-1*01
CASSLLGTDTQYF	TRBV27*01	TRBJ2-3*01
CASSLC*GGTSGRAGETQYF	TRBV27*01	TRBJ2-5*01
CASRPTQWAFF	TRBV6-7*01	TRBJ1-1*01
CASSLRGLATNEKLFF	TRBV6-7*01	TRBJ1-4*01
CASSPQGSQPQHF	TRBV6-7*01	TRBJ1-5*01
CASSPGDRGRGEQYF	TRBV5-6*01	TRBJ2-7*01
CASSWDRGYEQYF	TRBV5-6*01	TRBJ2-7*01
CASSLHGLAGEIEQYF	TRBV5-6*01	TRBJ2-7*01
CASSGPGALSYNEQFF	TRBV5-6*01	TRBJ2-1*01
CASSSLSGRGEETQYF	TRBV5-6*01	TRBJ2-5*01
CASSLRRSGRIDTQYF	TRBV5-6*01	TRBJ2-3*01
CASSLGRGLDTGELFF	TRBV5-6*01	TRBJ2-2*01
CASSVDRSSYNSPLHF	TRBV5-6*01	TRBJ1-6*01
CASSSLGAPDTGELFF	TRBV5-6*01	TRBJ2-2*01
CASSTKRWGDTQYF	TRBV5-6*01	TRBJ2-3*01
CASSLRTGLTQYF	TRBV27*01	TRBJ2-5*01
CASAQGEQHEQYF	TRBV27*01	TRBJ2-7*01
CASSLPPPGLAGG*TYEQYF	TRBV27*01	TRBJ2-7*01
CASSLSGNYGYTF	TRBV27*01	TRBJ1-2*01
CASRRRSSYEQYF	TRBV27*01	TRBJ2-5*01
CASSTGPYNEQFF	TRBV27*01	TRBJ2-1*01
CASSLRENQPQHF	TRBV27*01	TRBJ1-5*01
CASSWGQGETQYF	TRBV7-7*01	TRBJ2-5*01
CATSLVHGDQETQYF	TRBV7-7*01	TRBJ2-5*01
CASSLGQVNQETQYF	TRBV7-7*01	TRBJ2-5*01
CASRLRESSGANVLTF	TRBV7-7*01	TRBJ2-6*01
CASSRGPSETQYF	TRBV7-7*01	TRBJ2-5*01
CASSPKSSVNTGELFF	TRBV7-7*01	TRBJ2-2*01
CASSLFLSGGCSYEQYF	TRBV7-7*01	TRBJ2-7*01
CASSIGNEQFF	TRBV7-7*01	TRBJ2-1*01
CASSYGAGGTEAFF	TRBV5-6*01	TRBJ1-1*01
CASSSWTYSYEQYF	TRBV5-6*01	TRBJ2-7*01
CASSLGPGGETQYF	TRBV5-6*01	TRBJ2-5*01
CASSLRGQGANGYTF	TRBV5-6*01	TRBJ1-2*01
CASSFGQREQQYF	TRBV5-6*01	TRBJ2-5*01
CASRAPGLADTDTQYF	TRBV5-6*01	TRBJ2-3*01
CASSGKGTGDLYGYTF	TRBV5-6*01	TRBJ1-2*01
CASSPQPWRGETQYF	TRBV5-6*01	TRBJ2-5*01
CASSYSKGYNEQFF	TRBV6-7*01	TRBJ2-1*01
CASIIRD*RFSYEQYF	TRBV6-7*01	TRBJ2-7*01
CASPRTSGPHEQFF	TRBV6-7*01	TRBJ2-1*01
CASSELAVKRSSTDTQYF	TRBV6-7*01	TRBJ2-3*01
CASSYPPSNDEQFF	TRBV6-7*01	TRBJ2-1*01
CASSQGLGGPYEQYF	TRBV7-7*01	TRBJ2-7*01
CASSLADGQPQHF	TRBV7-7*01	TRBJ1-5*01
CASRPRGTRGTIVEQFF	TRBV7-7*01	TRBJ2-1*01
CASSIRLAGQETQYF	TRBV7-7*01	TRBJ2-5*01
CASSRTSGIADTQYF	TRBV7-7*01	TRBJ2-3*01
CASSL*LAQRQETQYF	TRBV7-7*01	TRBJ2-5*01
CASSFKGETQYF	TRBV7-7*01	TRBJ2-5*01
CAIGRSLNQPQHF	TRBV27*01	TRBJ1-5*01
CAVEVLAKNIQYF	TRBV27*01	TRBJ2-4*01
CASSFGPGTSGRGNEQFF	TRBV27*01	TRBJ2-1*01
CASKTGSSYEQYF	TRBV27*01	TRBJ2-7*01
CASRASGANVLTF	TRBV27*01	TRBJ2-6*01
CASSLTSAYEQYF	TRBV27*01	TRBJ2-7*01
CASGQVSNQPQHF	TRBV27*01	TRBJ1-5*01
CASGSGGLAGALYNEQFF	TRBV27*01	TRBJ2-1*01
CASSLRARQGAAPYEQYF	TRBV27*01	TRBJ2-7*01
CASSLGLAKNNEQFF	TRBV5-6*01	TRBJ2-1*01
CASSFPKTTGETQYF	TRBV5-6*01	TRBJ2-5*01
CASSLVPGGEQYF	TRBV5-6*01	TRBJ2-5*01
CASSLARGEQFF	TRBV5-6*01	TRBJ2-1*01
CASSTNPGTANEKLFF	TRBV5-6*01	TRBJ1-4*01
CASSLH*RELGETQYF	TRBV5-6*01	TRBJ2-5*01
CASSVYGYEQYF	TRBV5-6*01	TRBJ2-7*01
CASSSGGYEQYF	TRBV5-6*01	TRBJ2-7*01
CASSSLD*RENEQYF	TRBV6-7*01	TRBJ2-7*01
CASSYPVGGPPYNQPQHF	TRBV6-7*01	TRBJ1-5*01
CASSYNHETGQPQHF	TRBV6-7*01	TRBJ1-5*01
CASNKRGGTDTQYF	TRBV6-7*01	TRBJ2-3*01
CASSLDRKETQYF	TRBV7-7*01	TRBJ2-5*01
CASSPGLAGADQETQYF	TRBV7-7*01	TRBJ2-5*01
CASSPEVLGSEQYF	TRBV7-7*01	TRBJ2-7*01
CASSRDLLENEQFF	TRBV7-7*01	TRBJ2-1*01
CASSLTGFQETQYF	TRBV7-7*01	TRBJ2-5*01
CASSFDRADTQYF	TRBV7-7*01	TRBJ2-3*01
CASSLSMNTEAFF	TRBV7-7*01	TRBJ1-1*01
CASRVGSSYEQYF	TRBV27*01	TRBJ2-7*01
CASSFLGPETQYF	TRBV27*01	TRBJ2-5*01
CASREGNTDTQYF	TRBV27*01	TRBJ2-3*01
CASGSLSADTQYF	TRBV27*01	TRBJ2-3*01
CATLARGQGPANTGELFF	TRBV27*01	TRBJ2-2*01
CASKRTSANEQFF	TRBV27*01	TRBJ2-1*01
CASRLTGRYEQYF	TRBV27*01	TRBJ2-7*01
CASSPRGVSGKGRNEQFF	TRBV27*01	TRBJ2-1*01
CASSPSGRILYNSPLHF	TRBV27*01	TRBJ1-6*01
CASSPARGLLQETQYF	TRBV5-6*01	TRBJ2-5*01
CASSSRLGQGAGELFF	TRBV5-6*01	TRBJ2-2*01
CASSLN*PPFLREQYF	TRBV5-6*01	TRBJ2-7*01
CASSLKSHAPYNEQFF	TRBV5-6*01	TRBJ2-1*01
CASNLWGQPQHF	TRBV5-6*01	TRBJ1-5*01
CASSWERETQYF	TRBV5-6*01	TRBJ2-5*01
CASSTGHPVPYEQYF	TRBV5-6*01	TRBJ2-7*01
CASRGYGKYYEQYF	TRBV5-6*01	TRBJ2-7*01
CASSPGGLISYEQYF	TRBV7-7*01	TRBJ2-7*01
CASSPLAGGGDTQYF	TRBV7-7*01	TRBJ2-3*01
CASSASLAGYYEQYF	TRBV7-7*01	TRBJ2-7*01
CASSRRGQGEETQYF	TRBV7-7*01	TRBJ2-5*01
CASSSTGTPDTQYF	TRBV7-7*01	TRBJ2-3*01
CASSLDRGLETQYF	TRBV7-7*01	TRBJ2-5*01
CASSRRDRGGQETQYF	TRBV7-7*01	TRBJ2-5*01
CASSLGVSGPTSTDTQYF	TRBV7-7*01	TRBJ2-3*01
CASSLAPNTEAFF	TRBV7-7*01	TRBJ1-1*01
CASRDPTLYEQYF	TRBV6-7*01	TRBJ2-7*01
CASSLFGLRASQDGYTF	TRBV27*01	TRBJ1-2*01
CASSFSHRGR*NGELFF	TRBV27*01	TRBJ2-2*01
CASSYRGETQYF	TRBV27*01	TRBJ2-5*01
CASSFAGTSGKKWELYNEQFF	TRBV27*01	TRBJ2-1*01
CASSLLSRG*RGSTDTQYF	TRBV27*01	TRBJ2-3*01
CASSLRRDRGPGDTQYF	TRBV27*01	TRBJ2-3*01
CASSLNSLWEDYNEQFF	TRBV27*01	TRBJ2-1*01
CASSLLPIAGTQETQYF	TRBV27*01	TRBJ2-5*01
CASSLTSGLNTGELFF	TRBV7-7*01	TRBJ2-2*01
CASSPRGGAAQFF	TRBV7-7*01	TRBJ2-1*01
CASSPRNTGELFF	TRBV7-7*01	TRBJ2-2*01
CASSFGGELFF	TRBV7-7*01	TRBJ2-2*01
CASSRLSGRADTQYF	TRBV7-7*01	TRBJ2-3*01
CASSSTLAAQETQYF	TRBV7-7*01	TRBJ2-5*01
CASSLVEAPQETQYF	TRBV7-7*01	TRBJ2-5*01
CASSSGTGIFGETQYF	TRBV7-7*01	TRBJ2-5*01
CASSFGSTDTQYF	TRBV7-7*01	TRBJ2-3*01
CASSLWGAPVPITDTQYF	TRBV5-6*01	TRBJ2-3*01
CASSLEYEQYF	TRBV5-6*01	TRBJ2-5*01
CASSLVPLAGHETQYF	TRBV5-6*01	TRBJ2-5*01
CASSLLGYNSPLHF	TRBV5-6*01	TRBJ1-6*01
CASSPLFGELFF	TRBV5-6*01	TRBJ2-2*01
CASSLASLGGTDTQYF	TRBV5-6*01	TRBJ2-3*01
CASSTALEGETQYF	TRBV5-6*01	TRBJ2-5*01
CASQTVAPGPVFEQYF	TRBV6-7*01	TRBJ2-7*01
CASSYSPGAEDKVSLAKNIQYF	TRBV6-7*01	TRBJ2-4*01
CASSYS*GEKDKNIQYF	TRBV6-7*01	TRBJ2-4*01
CTSSLSQAFLAKNIQYF	TRBV7-7*01	TRBJ2-4*01
CASSRQGLETQYF	TRBV7-7*01	TRBJ2-5*01
CASSPTHSGANVLTF	TRBV7-7*01	TRBJ2-6*01
CASSPLAGPSP*DEQFF	TRBV7-7*01	TRBJ2-1*01
CASSLVGDQAQYF	TRBV7-7*01	TRBJ2-5*01
CASSLSGGLQETQYF	TRBV7-7*01	TRBJ2-5*01
CASSLVLQETQYF	TRBV7-7*01	TRBJ2-5*01
CASSFSPSSEAFF	TRBV7-7*01	TRBJ1-1*01
CASRLTGTSGRAGETQYF	TRBV27*01	TRBJ2-5*01
CAIYPPRNTEGSGQPQHF	TRBV27*01	TRBJ1-5*01
CASRLTGSYEQYF	TRBV27*01	TRBJ2-7*01
CASSPPRADTQYF	TRBV27*01	TRBJ2-3*01
CASSLSGETQYF	TRBV27*01	TRBJ2-5*01
CASTSD*PQETQYF	TRBV27*01	TRBJ2-5*01
CASSRQGDLSPLHF	TRBV27*01	TRBJ1-6*01
CASSRWGGVYEQYF	TRBV5-6*01	TRBJ2-7*01
CASSLGPHFYEQYF	TRBV5-6*01	TRBJ2-7*01
CASSLHRGLYEQYF	TRBV5-6*01	TRBJ2-7*01
CASSSTGTSGFWEQFF	TRBV5-6*01	TRBJ2-1*01
CASSIQGAQETQYF	TRBV5-6*01	TRBJ2-5*01
CASSLGTRRGEQYF	TRBV5-6*01	TRBJ2-7*01
CASSLEGQSYEQYF	TRBV5-6*01	TRBJ2-7*01
CASSLWGTGGEQYF	TRBV5-6*01	TRBJ2-5*01
CASSTIGPFNQETQYF	TRBV5-6*01	TRBJ2-5*01
CASSYEHRERYEQYF	TRBV6-7*01	TRBJ2-7*01
CASSYPQGLLATEAFF	TRBV6-7*01	TRBJ1-1*01
CASSYWSCTDTQYF	TRBV6-7*01	TRBJ2-3*01
CATRTSLENEQFF	TRBV6-7*01	TRBJ2-1*01
MAAGGYEQYF	TRBV6-7*01	TRBJ2-7*01
CASSKGQGLYEQYF	TRBV27*01	TRBJ2-7*01
CASSPRTGNYEQYF	TRBV27*01	TRBJ2-7*01
CASSSQGWGQPQHF	TRBV27*01	TRBJ1-5*01
CASSLTRGPYEQYF	TRBV27*01	TRBJ2-7*01
CASSLEAYNSPLHF	TRBV27*01	TRBJ1-6*01
CASRSRPDTGELFF	TRBV27*01	TRBJ2-2*01
CASSLY*GDTRNTEAFF	TRBV27*01	TRBJ1-1*01
CASSSYYEQYF	TRBV27*01	TRBJ2-5*01
CASSQAGRGETQYF	TRBV5-6*01	TRBJ2-5*01
CASSESGIYNEQFF	TRBV5-6*01	TRBJ2-1*01
CASSLKAFQETQYF	TRBV5-6*01	TRBJ2-5*01
CASSLGLVTDTQYF	TRBV5-6*01	TRBJ2-3*01
CASSLPGPRKEQYF	TRBV5-6*01	TRBJ2-7*01
CASSYPKGRDPKGEQFF	TRBV5-6*01	TRBJ2-1*01
CASSLGLN*RHKETQYF	TRBV5-6*01	TRBJ2-5*01
CASSFGLPATDTQYF	TRBV5-6*01	TRBJ2-3*01
CASSYSRDYNYEQFF	TRBV6-7*01	TRBJ2-1*01
CASSYSILQGVRETQYF	TRBV6-7*01	TRBJ2-5*01
CASSYQIYQETQYF	TRBV6-7*01	TRBJ2-5*01
CASSRPTGRSYEQYF	TRBV7-7*01	TRBJ2-5*01
CASSLEGTGVGETQYF	TRBV7-7*01	TRBJ2-5*01
CATGPRADTQYF	TRBV7-7*01	TRBJ2-3*01
CASSQREGYEQYF	TRBV7-7*01	TRBJ2-5*01
CASSRTDMREQYF	TRBV7-7*01	TRBJ2-7*01
CASSFKEGETQYF	TRBV7-7*01	TRBJ2-5*01
CASSSGLAGETQYF	TRBV7-7*01	TRBJ2-5*01
CASNELGQLTSPLHF	TRBV7-7*01	TRBJ1-6*01
CASSSPA*QPQHF	TRBV7-7*01	TRBJ1-5*01
CASSLGSQGRALGETQYF	TRBV7-7*01	TRBJ2-5*01
CASSLHGRAELSNQPQHF	TRBV27*01	TRBJ1-5*01
CATRTGGYNEQFF	TRBV27*01	TRBJ2-1*01
CASRLASSYEQYF	TRBV27*01	TRBJ2-7*01
CASIQRGALAGGPPGTDTQYF	TRBV27*01	TRBJ2-3*01
CASSYSGVETQYF	TRBV27*01	TRBJ2-5*01
CASSSPGAWGYTF	TRBV27*01	TRBJ1-2*01
CASSFGNQGTQYF	TRBV27*01	TRBJ2-5*01
CASSRRLAGGLNNEQFF	TRBV27*01	TRBJ2-1*01
CASSFPQNTEAFF	TRBV5-6*01	TRBJ1-1*01
CASSRDFYEQYF	TRBV5-6*01	TRBJ2-7*01
CASSLGGHSFRSSGNTIYF	TRBV5-6*01	TRBJ1-3*01
CASNLPGLDTEAFF	TRBV5-6*01	TRBJ1-1*01
CASSPGRWVRGGSNTEAFF	TRBV5-6*01	TRBJ1-1*01
CASSLLNRLGNEQFF	TRBV5-6*01	TRBJ2-1*01
CASSLGQQETQYF	TRBV5-6*01	TRBJ2-5*01
CASSRTGAGNTIYF	TRBV5-6*01	TRBJ1-3*01
CASSLYRASYGYTF	TRBV5-6*01	TRBJ1-2*01
CASTPVGGEKTQYF	TRBV5-6*01	TRBJ2-5*01
CASS*D*RTPEANEQFF	TRBV6-7*01	TRBJ2-1*01
CASRPGQGARQPQHF	TRBV6-7*01	TRBJ1-5*01
CASNLGVWREVLGQETQYF	TRBV6-7*01	TRBJ2-5*01
CASRPQGRGLKNTEAFF	TRBV27*01	TRBJ1-1*01
CASSLYAPGPRREGTGELFF	TRBV27*01	TRBJ2-2*01
CASSFAYFRDRDSRAKNIQYF	TRBV27*01	TRBJ2-4*01
CASSYIKGVWLAGQETQYF	TRBV27*01	TRBJ2-5*01
CASSLSQPGLAGGTGELFF	TRBV27*01	TRBJ2-2*01
CASRLTGGRGAKNIQYF	TRBV27*01	TRBJ2-4*01
CASRAARGIWNTEAFF	TRBV6-7*01	TRBJ1-1*01
CASSSH*REDNEQFF	TRBV6-7*01	TRBJ2-1*01
CASTRTSGPHEQFF	TRBV6-7*01	TRBJ2-1*01
CASSHRDTQGTQYF	TRBV5-6*01	TRBJ2-5*01
CASSWGAKTETQYF	TRBV5-6*01	TRBJ2-5*01
CASSFRGYTDTQYF	TRBV5-6*01	TRBJ2-3*01
CASSLGNGPETQYF	TRBV5-6*01	TRBJ2-5*01
CASSFPELAYEQYF	TRBV5-6*01	TRBJ2-7*01
CASSLWASGRAGDTQYF	TRBV5-6*01	TRBJ2-3*01
CASSLFGGAGEKLFF	TRBV5-6*01	TRBJ1-4*01
CASSFRSSGGNEQFF	TRBV5-6*01	TRBJ2-1*01
CASASRSTDTQYF	TRBV5-6*01	TRBJ2-3*01
CASSLDKGYEQYF	TRBV7-7*01	TRBJ2-7*01
CASSSGQANEQFF	TRBV7-7*01	TRBJ2-1*01
CASSLGGQNEQFF	TRBV7-7*01	TRBJ2-1*01
CASSGRWTGANTGELFF	TRBV7-7*01	TRBJ2-2*01
CASSLSGSSGELFF	TRBV7-7*01	TRBJ2-2*01
CASRTGGRYTEAFF	TRBV7-7*01	TRBJ1-1*01
CASSYMRGRP*DTEAFF	TRBV6-7*01	TRBJ1-1*01
CASSFSRIQETQYF	TRBV6-7*01	TRBJ2-5*01
CASINGQGANEQFF	TRBV6-7*01	TRBJ2-1*01
CASS*SHRVGYEQYF	TRBV6-7*01	TRBJ2-7*01
CASS*GIEGDQYF	TRBV6-7*01	TRBJ2-7*01
CASSYSTVGEHEQYF	TRBV6-7*01	TRBJ2-7*01
CASSSRGNQPQHF	TRBV6-7*01	TRBJ1-5*01
CASSSHAKGQKSNEQFF	TRBV27*01	TRBJ2-1*01
CASSLGMGLAAYNEQFF	TRBV27*01	TRBJ2-1*01
CASKFGSTETQYF	TRBV27*01	TRBJ2-5*01
CASRGQLTDTQYF	TRBV27*01	TRBJ2-3*01
CASSPRVSDTQYF	TRBV27*01	TRBJ2-3*01
CASSSLRQETQYF	TRBV27*01	TRBJ2-5*01
CASSLTRESGYTF	TRBV27*01	TRBJ1-2*01
CASSFTGPYEQYF	TRBV27*01	TRBJ2-7*01
CASSLVGMHE*YF	TRBV27*01	TRBJ2-7*01
CASGRLESGELFF	TRBV27*01	TRBJ2-2*01
CASSLKPTDTQYF	TRBV7-7*01	TRBJ2-3*01
CASSLGTKADTQYF	TRBV7-7*01	TRBJ2-3*01
CASARGINTGELFF	TRBV7-7*01	TRBJ2-2*01
CASSPYGQGDTEAFF	TRBV7-7*01	TRBJ1-1*01
CASSPVDMNTEAFF	TRBV7-7*01	TRBJ1-1*01
CASSPGLAGVYEQYF	TRBV7-7*01	TRBJ2-7*01
CASSLGD*RDPLIEQFF	TRBV7-7*01	TRBJ2-1*01
CASSLVGGTNTGELFF	TRBV7-7*01	TRBJ2-2*01
CANHLRTDPAIADQPQHF	TRBV5-6*01	TRBJ1-5*01
CASSPEGGEWSYNEQFF	TRBV5-6*01	TRBJ2-1*01
CASSLGVSSGNTIYF	TRBV5-6*01	TRBJ1-3*01
CASGKRAGTDTQYF	TRBV5-6*01	TRBJ2-3*01
CASRGRGRRMTDTQYF	TRBV5-6*01	TRBJ2-3*01
CASRLGRLNTEAFF	TRBV5-6*01	TRBJ1-1*01
CASSVTSGYPYEQYF	TRBV5-6*01	TRBJ2-7*01
CASSLSNRGGYTF	TRBV5-6*01	TRBJ1-2*01
CASSYLNGPVNGDTQYF	TRBV6-7*01	TRBJ2-3*01
CASSYKHRGTDTQYF	TRBV6-9*01	TRBJ2-3*01
CASTRTGSSYEQYF	TRBV6-9*01	TRBJ2-7*01
CASSRKIDSF*PSDTQYF	TRBV6-9*01	TRBJ2-3*01
CASSYRKPQHF	TRBV6-9*01	TRBJ1-5*01
CASTPGGGLSSYNEQFF	TRBV6-9*01	TRBJ2-1*01
CASRQRDSYEQYF	TRBV6-9*01	TRBJ2-7*01
CASSLGLQDEQYF	TRBV7-7*01	TRBJ2-7*01
CASSRDGTGRYETQYF	TRBV7-7*01	TRBJ2-5*01
CASSLGLAGGDEQFF	TRBV7-7*01	TRBJ2-1*01
CASSLAPGGGRETQYF	TRBV7-7*01	TRBJ2-5*01
CASSRNPQETQYF	TRBV7-7*01	TRBJ2-5*01
CASSPRLAGVGKNIQYF	TRBV27*01	TRBJ2-4*01
CASSLYPVAGGSSNQPQHF	TRBV27*01	TRBJ1-5*01
CASSLFGVGNGYTF	TRBV27*01	TRBJ1-2*01
CATKAHGLDTDTQYF	TRBV27*01	TRBJ2-3*01
CASRPKIRVTYEQYF	TRBV27*01	TRBJ2-7*01
CASSLGLANTGELFF	TRBV27*01	TRBJ2-2*01
CASSPLLAGDNEQFF	TRBV5-6*01	TRBJ2-1*01
CASSSYSGANVLTF	TRBV5-6*01	TRBJ2-6*01
CASSLGQGRNEKLFF	TRBV5-6*01	TRBJ1-4*01
CASSLLGGEDQPQHF	TRBV5-6*01	TRBJ1-5*01
CASSLSGLPPNEQYF	TRBV5-6*01	TRBJ2-7*01
CASSFRGRGIGELFF	TRBV5-6*01	TRBJ2-2*01
CASSFGGGETQYF	TRBV5-6*01	TRBJ2-5*01
CASPRIWGPKNIQYF	TRBV6-9*01	TRBJ2-4*01
CASRNSYEQYF	TRBV6-9*01	TRBJ2-7*01
CASRHSGTRWNEQFF	TRBV6-9*01	TRBJ2-1*01
CAPTGLPLDEQYF	TRBV6-9*01	TRBJ2-7*01
CANSPSNQPQHF	TRBV6-9*01	TRBJ1-5*01
CASKARNRKKGWFF	TRBV6-9*01	TRBJ2-1*01
CASSN*REGRKNEQFF	TRBV7-7*01	TRBJ2-1*01
CASSFGYQETQYF	TRBV7-7*01	TRBJ2-5*01
CASSLDIKAVTNTEAFF	TRBV7-7*01	TRBJ1-1*01
CASSPGGSVYEQYF	TRBV7-7*01	TRBJ2-7*01
CASSPQGRERHETQYF	TRBV7-7*01	TRBJ2-5*01
CASSPPGGRYVGYTF	TRBV7-7*01	TRBJ1-2*01
CASSMGLAGGLDTQYF	TRBV7-7*01	TRBJ2-3*01
CASSSGTGGYEQYF	TRBV7-7*01	TRBJ2-7*01
CASSYSPTGYNEQFF	TRBV27*01	TRBJ2-1*01
CARRRISNQPQHF	TRBV27*01	TRBJ1-5*01
CASRVGSPYEQYF	TRBV27*01	TRBJ2-7*01
CASGTPLGYGYTF	TRBV27*01	TRBJ1-2*01
CARPEGAYNEQFF	TRBV27*01	TRBJ2-1*01
CASAGTISYEQYF	TRBV27*01	TRBJ2-7*01
CASSPSGGPYEQYF	TRBV27*01	TRBJ2-7*01
CASSPDGRGETQYF	TRBV27*01	TRBJ2-5*01
CASSPWTSWETQYF	TRBV27*01	TRBJ2-5*01
CASSWGGDLGEQYF	TRBV27*01	TRBJ2-7*01
CASSLRAGGNEQYF	TRBV27*01	TRBJ2-7*01
CASSPRWGAPEQYF	TRBV5-6*01	TRBJ2-7*01
CASSLDGRPGQPNTEAFF	TRBV5-6*01	TRBJ1-1*01
CASSLAGTGGNEQFF	TRBV5-6*01	TRBJ2-1*01
CASSLAGTDTQYF	TRBV5-6*01	TRBJ2-3*01
CASSLAGNNEQFF	TRBV5-6*01	TRBJ2-1*01
CASSLMTGPETQYF	TRBV5-6*01	TRBJ2-5*01
CASSLVGGPSYEQYF	TRBV5-6*01	TRBJ2-7*01
CASSLPRLSRYEQYF	TRBV5-6*01	TRBJ2-7*01
CASSSPE*RRTYEQYF	TRBV7-7*01	TRBJ2-7*01
CASSPYRVETQYF	TRBV7-7*01	TRBJ2-5*01
CASSQGQKRQETQYF	TRBV7-7*01	TRBJ2-5*01
CASRTGGGTYQETQYF	TRBV7-7*01	TRBJ2-5*01
CASSPGLAVHNEQFF	TRBV7-7*01	TRBJ2-1*01
CASSLASSSYEQYF	TRBV7-7*01	TRBJ2-7*01
CASSEAETQYF	TRBV7-7*01	TRBJ2-5*01
CASSRGG*AREKLFF	TRBV7-7*01	TRBJ1-4*01
CASSLPGREETQYF	TRBV7-7*01	TRBJ2-5*01
CASSSSLGGSPQPQHF	TRBV6-9*01	TRBJ1-5*01
CASTETQYF	TRBV6-9*01	TRBJ2-5*01
CASS*D*RAYEQYF	TRBV6-9*01	TRBJ2-7*01
CASSPGLTRYNEQFF	TRBV7-7*01	TRBJ2-1*01
CASSLAGLGSQTQYF	TRBV7-7*01	TRBJ2-5*01
CASSFGVSSYNEQFF	TRBV7-7*01	TRBJ2-1*01
CASSPLWPLRDRESGELFF	TRBV7-7*01	TRBJ2-2*01
CASSRDSTDTQYF	TRBV7-7*01	TRBJ2-3*01
CASSGQGDRETQYF	TRBV7-7*01	TRBJ2-5*01
CASSLGTYSTDTQYF	TRBV7-7*01	TRBJ2-3*01
CASSPPFGSGANVLTF	TRBV7-7*01	TRBJ2-6*01
CASSLERRVDEQYF	TRBV7-7*01	TRBJ2-7*01
CASSLGGSTSTDTQYF	TRBV7-7*01	TRBJ2-3*01
CASSPQYQETQYF	TRBV5-6*01	TRBJ2-5*01
CASSLAGNGETQYF	TRBV5-6*01	TRBJ2-5*01
CASSPGWDNAEAFF	TRBV5-6*01	TRBJ1-1*01
CASSETGGVFATNEKLFF	TRBV5-6*01	TRBJ1-4*01
CASSITHLAANTGELFF	TRBV5-6*01	TRBJ2-2*01
CASSWEQGDRETQYF	TRBV5-6*01	TRBJ2-7*01
CASSLPTFRANEQFF	TRBV5-6*01	TRBJ2-1*01
CASSRAETQYF	TRBV5-6*01	TRBJ2-5*01
CASCGRTAQETQYF	TRBV5-6*01	TRBJ2-5*01
CASSLGSKRAGELFF	TRBV5-6*01	TRBJ2-2*01
CASSYPRD*RLLTDTQYF	TRBV6-9*01	TRBJ2-3*01
CASSYPAGEAQAGETQYF	TRBV6-9*01	TRBJ2-5*01
CASSGPFGYTF	TRBV6-9*01	TRBJ1-2*01
CASSPQGNKAKNIQYF	TRBV6-9*01	TRBJ2-4*01
CASSPGGPGPQHF	TRBV27*01	TRBJ1-5*01
CASSFEGADGYTF	TRBV27*01	TRBJ1-2*01
CARDLRRGYEQYF	TRBV27*01	TRBJ2-7*01
CAIGVSGRKTQYF	TRBV27*01	TRBJ2-5*01
CASSL*RDSSRSSYNEQFF	TRBV27*01	TRBJ2-1*01
CASSPNGLMGKTDTQYF	TRBV27*01	TRBJ2-3*01
CASSAELAGGGHNEQFF	TRBV27*01	TRBJ2-1*01
CASSLSSQVSGANVLTF	TRBV27*01	TRBJ2-6*01
CASSFLGLAGGTHEQFF	TRBV27*01	TRBJ2-1*01
YSSPIVLGKTYGYTF	TRBV17*01	TRBJ1-2*01
CASNLPGSYEQYF	TRBV6-6*02, or TRBV6-6*01	TRBJ2-7*01
CASSPARTGGEKHF	TRBV6-6*02, or TRBV6-6*01	TRBJ1-5*01
CASSGLGGGYEQYF	TRBV6-6*02, or TRBV6-6*01	TRBJ2-7*01
CASSYSKGRYEQYF	TRBV6-6*02, or TRBV6-6*01	TRBJ2-7*01
CASSSPGTSDYEQYF	TRBV6-6*02, or TRBV6-6*01	TRBJ2-7*01
CASSSDRGVTQPQHF	TRBV6-6*02, or TRBV6-6*01	TRBJ1-5*01
CASSPGQRPEDEQYF	TRBV7-7*01	TRBJ2-7*01
CASSATSGRLIGETQYF	TRBV7-7*01	TRBJ2-5*01
CASSLVPGQGGNEQFF	TRBV7-7*01	TRBJ2-1*01
CASSLEAGLYNEQFF	TRBV7-7*01	TRBJ2-1*01
CASSLGRDTEAFF	TRBV7-7*01	TRBJ1-1*01
CASSLGRAYEQYF	TRBV7-7*01	TRBJ2-7*01
CASSTTPIGGELFF	TRBV7-7*01	TRBJ2-2*01
CASSPGQGSSYEQYF	TRBV6-9*01	TRBJ2-7*01
CASSYSAGTGTGYGTDTQYF	TRBV6-9*01	TRBJ2-3*01
CATP*AQTFPDTQYF	TRBV6-9*01	TRBJ2-3*01
CASSPPRETYEQYF	TRBV6-9*01	TRBJ2-7*01
CASTLRRGPHYEQYF	TRBV6-9*01	TRBJ2-7*01
CASRLTGPTNEKLFF	TRBV6-9*01	TRBJ1-4*01
CASSNGLPREEQYF	TRBV6-9*01	TRBJ2-7*01
CASSFRVAASDTQYF	TRBV5-6*01	TRBJ2-3*01
CASSLSSYNEQFF	TRBV5-6*01	TRBJ2-1*01
CASRLAGGRDEQFF	TRBV5-6*01	TRBJ2-1*01
CASSPDRGFGTQYF	TRBV5-6*01	TRBJ2-5*01
CASSLAGTQETQYF	TRBV5-6*01	TRBJ2-5*01
CASSRRVRQATEAFF	TRBV5-6*01	TRBJ1-1*01
CASSLVLGNYGYTF	TRBV5-6*01	TRBJ1-2*01
CASSSGTSGFGTDTQYF	TRBV27*01	TRBJ2-3*01
CASSLKGIAGETYEQYF	TRBV27*01	TRBJ2-7*01
CASSLVWTSGLPYEQYF	TRBV27*01	TRBJ2-7*01
CASTLMGHRRTR*ETQYF	TRBV27*01	TRBJ2-5*01
CASSKTEPGTGKNQPQHF	TRBV27*01	TRBJ1-5*01
CASSRQGASSNQPQHF	TRBV6-6*02, or TRBV6-6*01	TRBJ1-5*01
CASSLQGVGGYTF	TRBV6-6*02, or TRBV6-6*01	TRBJ1-2*01
CASSYTSIDTQYF	TRBV6-6*02, or TRBV6-6*01	TRBJ2-3*01
CVSGRDSYEQYF	TRBV6-6*02, or TRBV6-6*01	TRBJ2-5*01
CASTDYGGNTEAFF	TRBV6-6*02, or TRBV6-6*01	TRBJ1-1*01
CASSYRDGYTF	TRBV6-6*02, or TRBV6-6*01	TRBJ1-2*01
CASSSQGVSNQPQHF	TRBV6-6*02, or TRBV6-6*01	TRBJ1-5*01
CASSYSSYEQYF	TRBV6-6*02, or TRBV6-6*01	TRBJ2-7*01
CATTPGTANTEAFF	TRBV6-6*02, or TRBV6-6*01	TRBJ1-1*01
CASSNTQGAYEQYF	TRBV6-6*02, or TRBV6-6*01	TRBJ2-5*01
CASSYSAVQETQYF	TRBV6-6*02, or TRBV6-6*01	TRBJ2-5*01
CASSYSGFEITEAFF	TRBV6-6*02, or TRBV6-6*01	TRBJ1-1*01
CASSYPGRGSG*SEKLFF	TRBV6-9*01	TRBJ1-4*01
CASS*G*RGGNEQFF	TRBV6-9*01	TRBJ2-1*01
CACFVRLYSNQPQHF	TRBV6-9*01	TRBJ1-5*01
CASSFRHRRLSYEQYF	TRBV6-9*01	TRBJ2-7*01
CASSFDLFAEDRGPQETQYF	TRBV6-9*01	TRBJ2-5*01
CASSLVRLAGSLLLYEQYF	TRBV6-9*01	TRBJ2-7*01
CASSLAREGQGPHCSNQPQHF	TRBV7-7*01	TRBJ1-5*01
CASSPRTGLNEQFF	TRBV7-7*01	TRBJ2-1*01
CASSLGNDGGTQYF	TRBV7-7*01	TRBJ2-5*01
CALGRGTGELFF	TRBV7-7*01	TRBJ2-2*01
CASSPGGTGMAQYF	TRBV7-7*01	TRBJ2-5*01
CASSLWEGGGEQFF	TRBV7-7*01	TRBJ2-1*01
CASSPTSSVNTGELFF	TRBV7-7*01	TRBJ2-2*01
CASSQREGYEQYF	TRBV7-7*01	TRBJ2-7*01
CASSLWRAQSYEQYF	TRBV7-7*01	TRBJ2-7*01
CASSTTGSTEAFF	TRBV6-6*02, or TRBV6-6*01	TRBJ1-1*01
CASSSSGFYEQYF	TRBV6-6*02, or TRBV6-6*01	TRBJ2-7*01
CASSPSADTQYF	TRBV6-6*02, or TRBV6-6*01	TRBJ2-3*01
CASSYSTGSSPLHF	TRBV6-6*02, or TRBV6-6*01	TRBJ1-6*01
CASSYSGQGRGEQYF	TRBV6-6*02, or TRBV6-6*01	TRBJ2-7*01
CASSYSGAAGQPQHF	TRBV6-6*02, or TRBV6-6*01	TRBJ1-5*01
CASRRGGGSGQETQYF	TRBV6-6*02, or TRBV6-6*01	TRBJ2-5*01
CASRTKETQYF	TRBV6-6*02, or TRBV6-6*01	TRBJ2-5*01
CASSYSSQVKF	TRBV6-6*02, or TRBV6-6*01	TRBJ2-5, or TRBJ2-1
CASRQGNSPLHF	TRBV6-6*02, or TRBV6-6*01	TRBJ1-6*01
CASSGQHSNQPQHF	TRBV6-6*02, or TRBV6-6*01	TRBJ1-5*01
CASSYGDTQYC	TRBV6-6*02, or TRBV6-6*01	TRBJ2-3*01
CARSMTSGDSYEQYF	TRBV7-5*01	TRBJ2-7*01
CARSSDRRNTEAFF	TRBV7-5*01	TRBJ1-1*01
CARSDLTRIIVDETQYF	TRBV7-5*01	TRBJ2-5*01
CASSRDRGLGSGNTIYF	TRBV5-6*01	TRBJ1-3*01
CASSRTGRNTEAFF	TRBV5-6*01	TRBJ1-1*01
CASSHVYSGNTIYF	TRBV5-6*01	TRBJ1-3*01
CASSFNLGNYGYTF	TRBV5-6*01	TRBJ1-2*01
CASSLGQGTDTQYF	TRBV5-6*01	TRBJ2-3*01
CASSLGGANEKLFF	TRBV5-6*01	TRBJ1-4*01
CASSSYQGTSYEQYF	TRBV5-6*01	TRBJ2-7*01
CASSWGDGFTDTQYF	TRBV5-6*01	TRBJ2-3*01
CASSLVGRDEAFF	TRBV5-6*01	TRBJ1-1*01
CASSLSPSGGPQGETQYF	TRBV27*01	TRBJ2-5*01
CATSGNRGETQYF	TRBV27*01	TRBJ2-5*01
CASSKDGSYEQYF	TRBV27*01	TRBJ2-7*01
CASSSTGQGEAFF	TRBV27*01	TRBJ1-1*01
CASSSQTSGLNTGELFF	TRBV27*01	TRBJ2-2*01
CATSRGYGYTF	TRBV27*01	TRBJ1-2*01
CASGRGSYGYTF	TRBV27*01	TRBJ1-2*01
CASTSGTSTNEQFF	TRBV27*01	TRBJ2-1*01
CASSRTGVLYEQYF	TRBV27*01	TRBJ2-7*01
CASSLAPGLAPTDTQYF	TRBV7-7*01	TRBJ2-3*01
CASSWGLAGMNEQFF	TRBV7-7*01	TRBJ2-1*01
CASSRDRGAEQYF	TRBV7-7*01	TRBJ2-7*01
CASSLDRVSGTQYF	TRBV7-7*01	TRBJ2-5*01
CASSLDAASTDTQYF	TRBV7-7*01	TRBJ2-3*01
CASSLLAGGLETQYF	TRBV7-7*01	TRBJ2-5*01
CASSKSLSRDRGNEQFF	TRBV7-6*01	TRBJ2-1*01
CASSLDRGYEQYF	TRBV7-6*01	TRBJ2-7*01
CASSFTGGGDEQYF	TRBV7-6*01	TRBJ2-5*01
CASSQGLAGNSYNEQFF	TRBV7-6*01	TRBJ2-1*01
CASSSPTRTGRADGYTF	TRBV7-6*01	TRBJ1-2*01
CASSLGARGSGTDTQYF	TRBV7-6*01	TRBJ2-3*01
CASSPDLNYGYTF	TRBV7-6*01	TRBJ1-2*01
CASSLDPGDTQYF	TRBV7-6*01	TRBJ2-3*01
CASSLGTLETQYF	TRBV7-6*01	TRBJ2-5*01
CASSFGTSGRATDTQYF	TRBV7-6*01	TRBJ2-3*01
CARSRTSSSYEQYF	TRBV7-5*01	TRBJ2-7*01
CASRAEAYEQYF	TRBV6-6*02, or TRBV6-6*01	TRBJ2-7*01
CASSYSRGPGYF	TRBV6-6*02, or TRBV6-6*01	TRBJ2-5*01
CASSKPGLKGEQYF	TRBV6-6*02, or TRBV6-6*01	TRBJ2-5*01
CAGQGASGETQYF	TRBV6-6*02, or TRBV6-6*01	TRBJ2-5*01
CASMRNTDTQYF	TRBV6-6*02, or TRBV6-6*01	TRBJ2-3*01
CASSPNGAPYEQYF	TRBV6-6*02, or TRBV6-6*01	TRBJ2-7*01
CASSRLAGPYEQYF	TRBV6-6*02, or TRBV6-6*01	TRBJ2-5*01
CASSGRSYEQYF	TRBV6-6*02, or TRBV6-6*01	TRBJ2-7*01
CASSLIAEAFF	TRBV6-6*02, or TRBV6-6*01	TRBJ1-1*01
CASVSGRTGDEQYF	TRBV6-6*02, or TRBV6-6*01	TRBJ2-5*01
CASSYSAGVNTEAFF	TRBV6-6*02, or TRBV6-6*01	TRBJ1-1*01
CASSPRPQETQYF	TRBV7-7*01	TRBJ2-5*01
CASSRGLADYNEQFF	TRBV7-7*01	TRBJ2-1*01
CASSLAPGTTAGANVLTF	TRBV7-7*01	TRBJ2-6*01
CASSLRSSTYNEQFF	TRBV7-7*01	TRBJ2-1*01
CASRRGFGAQETQYF	TRBV7-7*01	TRBJ2-5*01
CAKRSAAQNTEAFF	TRBV7-7*01	TRBJ1-1*01
CASSPHSAPYEQYF	TRBV7-7*01	TRBJ2-7*01
CASSGTGTGVSRFSTDTQYF	TRBV7-7*01	TRBJ2-3*01
CASSLAQGAVEHF	TRBV7-7*01	TRBJ1-5*01
CASSFGPDTEAFF	TRBV7-7*01	TRBJ1-1*01
CASSLNAGGGPQETQYF	TRBV7-6*01	TRBJ2-5*01
CASSLLVNTEAFF	TRBV7-6*01	TRBJ1-1*01
CASSLLQPTDTQYF	TRBV7-6*01	TRBJ2-3*01
CASSLAPPSGRIYEQYF	TRBV7-6*01	TRBJ2-7*01
CASSLGVAGRGRETQYF	TRBV7-6*01	TRBJ2-5*01
CASSGFSSGRAANEQFF	TRBV7-6*01	TRBJ2-1*01
CASSSGTSREQYF	TRBV7-6*01	TRBJ2-7*01
CASSPTGAGETQYF	TRBV7-6*01	TRBJ2-5*01
CASSTLAGGETQYF	TRBV7-6*01	TRBJ2-5*01
CASSPIDRGQPQHF	TRBV7-6*01	TRBJ1-5*01
CASSLTSGLNEQFF	TRBV7-6*01	TRBJ2-1*01
CASSLLAGAGELFF	TRBV7-6*01	TRBJ2-2*01
CASSLAVYADTQYF	TRBV5-6*01	TRBJ2-3*01
CASSLERLAVYEQYF	TRBV5-6*01	TRBJ2-7*01
CASSLTRYNEQFF	TRBV5-6*01	TRBJ2-1*01
CASSWADTQYF	TRBV5-6*01	TRBJ2-3*01
CASSLAQIGSYNEQFF	TRBV5-6*01	TRBJ2-1*01
CASSPGGFQGVGAAGELFF	TRBV5-6*01	TRBJ2-2*01
CASSLGETAYTDTQYF	TRBV5-6*01	TRBJ2-3*01
CASSLWGALTGELFF	TRBV5-6*01	TRBJ2-2*01
CASRPLEFQETQYF	TRBV27*01	TRBJ2-5*01
CASSSPYRGGEQYF	TRBV27*01	TRBJ2-7*01
CASSRQSHYGYTF	TRBV27*01	TRBJ1-2*01
CASSYGAGGPQHF	TRBV27*01	TRBJ1-5*01
CASSSRNTGELFF	TRBV27*01	TRBJ2-2*01
CASSSPPGRGYTF	TRBV27*01	TRBJ1-2*01
CASGPITNGD*REDGRHEQYF	TRBV27*01	TRBJ2-7*01
CASSWDSRQPQHF	TRBV27*01	TRBJ1-5*01
CASSLSPYYEQYF	TRBV27*01	TRBJ2-7*01
CASSLRS*RDDNSPLHF	TRBV27*01	TRBJ1-6*01
CARTTSTDTQYF	TRBV7-5*01	TRBJ2-3*01
CARSPTPRMNTEAFF	TRBV7-5*01	TRBJ1-1*01
CARSLEGAGGRTNEKLFF	TRBV7-5*01	TRBJ1-4*01
CARSLFPGGSWQPQHF	TRBV7-5*01	TRBJ1-5*01
CARSFGGSYEQYF	TRBV7-5*01	TRBJ2-7*01
CARSPQSFGLAGGMLRTDTQYF	TRBV7-5*01	TRBJ2-3*01
WGVGQGSNQPQHF	TRBV7-5*01, or TRBV7-5*02	TRBJ1-5*01
CAILRRDSMLDGYTF	TRBV6-6*02, or TRBV6-6*01	TRBJ1-2*01
CASSYRVTDTQYF	TRBV6-6*02, or TRBV6-6*01	TRBJ2-3*01
CASQGQIHTEAFF	TRBV6-6*02, or TRBV6-6*01	TRBJ1-1*01
CASSRTRDEQYF	TRBV6-6*02, or TRBV6-6*01	TRBJ2-7*01
CASRQDRGNQPQHF	TRBV6-6*02, or TRBV6-6*01	TRBJ1-5*01
CASSRTDKVTEAFF	TRBV6-6*02, or TRBV6-6*01	TRBJ1-1*01
CASSYSSRTYEQYF	TRBV6-6*02, or TRBV6-6*01	TRBJ2-7*01
CASSYTGWTDTQYF	TRBV6-6*02, or TRBV6-6*01	TRBJ2-3*01
CASKQGLADSYEQYF	TRBV6-6*02, or TRBV6-6*01	TRBJ2-7*01
CASSYPVAGATEAFF	TRBV6-6*02, or TRBV6-6*01	TRBJ1-1*01
CASSYGGTRGYTF	TRBV6-6*02, or TRBV6-6*01	TRBJ1-2*01
CASSLGDSTEAFF	TRBV6-6*02, or TRBV6-6*01	TRBJ1-1*01
CASSPGLTDTQYF	TRBV7-6*01	TRBJ2-3*01
CASSSSRVGTQYF	TRBV7-6*01	TRBJ2-5*01
CASRLEETQYF	TRBV7-6*01	TRBJ2-5*01
CASSLRSGRGEQYF	TRBV7-6*01	TRBJ2-7*01
CASTRTAQGETQYF	TRBV7-6*01	TRBJ2-5*01
CASSLAPLQETQYF	TRBV7-6*01	TRBJ2-5*01
CASSLGGGAGAQYF	TRBV7-6*01	TRBJ2-5*01
CASGKTGRQTQYF	TRBV7-6*01	TRBJ2-5*01
CASSPSGAVGEQFF	TRBV7-6*01	TRBJ2-1*01
CASSLYRDSEQFF	TRBV7-6*01	TRBJ2-1*01
CASSSGTSGSNEQFF	TRBV7-7*01	TRBJ2-1*01
CASSLTRSENTGELFF	TRBV7-7*01	TRBJ2-2*01
CASSLAPGRQETQYF	TRBV7-7*01	TRBJ2-5*01
CASSLGETQYF	TRBV7-7*01	TRBJ2-5*01
CASSTWGNQETQYF	TRBV7-7*01	TRBJ2-5*01
CASSKGLAGGNEQFF	TRBV7-7*01	TRBJ2-1*01
CASSLGTQETQYF	TRBV7-7*01	TRBJ2-5*01
CASSLAVAYEQYF	TRBV7-7*01	TRBJ2-7*01
CASSWTGGRETQYF	TRBV5-6*01	TRBJ2-5*01
CASNPGQGGYEQYF	TRBV5-6*01	TRBJ2-5*01
CASTTGLVTDTQYF	TRBV5-6*01	TRBJ2-3*01
CASSRGQGIYEQYF	TRBV5-6*01	TRBJ2-5*01
CASSLAGRPNEQFF	TRBV5-6*01	TRBJ2-1*01
CASSLGLDTDTQYF	TRBV5-6*01	TRBJ2-3*01
CASSLVGQKETQYF	TRBV5-6*01	TRBJ2-5*01
CASSHGLSGNTIYF	TRBV5-6*01	TRBJ1-3*01
CASSLRGGVGSGNTIYF	TRBV5-6*01	TRBJ1-3*01
CASSAGGYEQYF	TRBV6-6*02, or TRBV6-6*01	TRBJ2-7*01
CATYWRAGNYEQYF	TRBV6-6*02, or TRBV6-6*01	TRBJ2-7*01
CASTLTGGPDTQYF	TRBV6-6*02, or TRBV6-6*01	TRBJ2-3*01
CASSPSGGTDTRYF	TRBV6-6*02, or TRBV6-6*01	TRBJ2-3*01
CASSRASSAGEQYF	TRBV6-6*02, or TRBV6-6*01	TRBJ2-7*01
CASIPRGGNTEAFF	TRBV6-6*02, or TRBV6-6*01	TRBJ1-1*01
CASSRGQGVYGYTF	TRBV6-6*02, or TRBV6-6*01	TRBJ1-2*01
CASRGNRGGLYEQYF	TRBV6-6*02, or TRBV6-6*01	TRBJ2-7*01
RASRKEFQETQYF	TRBV6-6*02, or TRBV6-6*01	TRBJ2-5*01
CASSYSGVQETQYF	TRBV6-6*02, or TRBV6-6*01	TRBJ2-5*01
CASSLGTGGTDTQYF	TRBV6-6*02, or TRBV6-6*01	TRBJ2-3*01
CARKN*RSSYEQYF	TRBV7-5*01	TRBJ2-7*01
CARSLEARGIQYF	TRBV7-5*01	TRBJ2-4*01
CARSLEGP*REWGEQYF	TRBV7-5*01	TRBJ2-7*01
CARSLDAGQTYEQYF	TRBV7-5*01	TRBJ2-7*01
CASSLSPRVTFSYEQYF	TRBV27*01	TRBJ2-7*01
CASSPRTSGRAPNTGELFF	TRBV27*01	TRBJ2-2*01
CASSPRKSGSSYNEQFF	TRBV27*01	TRBJ2-1*01
CATHTSGGSNEQFF	TRBV27*01	TRBJ2-1*01
CASSLIQGYEQYF	TRBV7-6*01	TRBJ2-7*01
CASSLDETQYF	TRBV7-6*01	TRBJ2-5*01
CASSRTSGSYEQYF	TRBV7-6*01	TRBJ2-7*01
CASSLRGGWAYEQYF	TRBV7-6*01	TRBJ2-5*01
CASSLSGLKQETQYF	TRBV7-6*01	TRBJ2-5*01
CASSLAGGPPETQYF	TRBV7-6*01	TRBJ2-5*01
CASSHPRGD*RDSYNEQFF	TRBV7-6*01	TRBJ2-1*01
CASSGRGSRGTYEQYF	TRBV7-6*01	TRBJ2-7*01
CASSPGQGSGEQYF	TRBV7-6*01	TRBJ2-7*01
CASSRWGVGEETQYF	TRBV7-6*01	TRBJ2-5*01
CASSLEAGGMNTQYF	TRBV7-6*01	TRBJ2-3*01
CASSYPTFSSVTTYEQYF	TRBV6-8*01	TRBJ2-7*01
CASSQSSRDTQYF	TRBV6-8*01	TRBJ2-3*01
CASSSGTGGEQYF	TRBV7-7*01	TRBJ2-7*01
CASSTTVQETQYF	TRBV7-7*01	TRBJ2-5*01
CASSRGGSGNEQFF	TRBV7-7*01	TRBJ2-1*01
CASSQNGGPGALYEQFF	TRBV7-7*01	TRBJ2-1*01
CASSLAGQKETQYF	TRBV7-7*01	TRBJ2-5*01
CASSLGGRGNEQFF	TRBV7-7*01	TRBJ2-1*01
CASRSGRASGETQYF	TRBV5-5*01	TRBJ2-5*01
CASSLVTGPGETQYF	TRBV5-5*01	TRBJ2-5*01
CASSLDNSGTQYF	TRBV5-5*01	TRBJ2-5*01
CASSNSFLGSYEQYF	TRBV5-5*01	TRBJ2-7*01
CASRHRDSESNYGYTF	TRBV5-5*01	TRBJ1-2*01
CASSFWASGSSYEQYF	TRBV5-5*01	TRBJ2-7*01
CASSLAILSYEQYF	TRBV5-5*01	TRBJ2-7*01
CASSTDRTPYGYTF	TRBV5-5*01	TRBJ1-2*01
CASSLRETQYF	TRBV5-5*01	TRBJ2-5*01
CASSLVAGGPQETQYF	TRBV5-5*01	TRBJ2-5*01
CASSTRQGTDTQYF	TRBV5-5*01	TRBJ2-3*01
CASSSQGAGANVLTF	TRBV5-5*01	TRBJ2-6*01
CASS*GGGPRETQYF	TRBV6-6*02, or TRBV6-6*01	TRBJ2-5*01
CASSQQGSAGGKTQYF	TRBV6-6*02, or TRBV6-6*01	TRBJ2-5*01
CASSYKEVGGYTF	TRBV6-6*02, or TRBV6-6*01	TRBJ1-2*01
CASSYSYEQYF	TRBV6-6*02, or TRBV6-6*01	TRBJ2-5*01
CASSYPQETQYF	TRBV6-6*02, or TRBV6-6*01	TRBJ2-5*01
CASILPARGGAAFF	TRBV6-6*02, or TRBV6-6*01	TRBJ1-1*01
CASRRRDKSIYGYTF	TRBV6-6*02, or TRBV6-6*01	TRBJ1-2*01
CASSSRGGGFTDTQYF	TRBV6-6*02, or TRBV6-6*01	TRBJ2-3*01
CASSYSTRGIQYF	TRBV6-6*02, or TRBV6-6*01	TRBJ2-4*01
CASRRGTGYNEQFF	TRBV6-6*02, or TRBV6-6*01	TRBJ2-1*01
CASTGGGWTEAFF	TRBV6-6*02, or TRBV6-6*01	TRBJ1-1*01
CASRTQGLEAQYF	TRBV6-6*02, or TRBV6-6*01	TRBJ2-5*01
CASSLRQGTTDTQYF	TRBV5-6*01	TRBJ2-3*01
CASSLKGKGEQYF	TRBV5-6*01	TRBJ2-7*01
CASSLTGGYEQYF	TRBV5-6*01	TRBJ2-7*01
CASSRGLAGGLDTQYF	TRBV5-6*01	TRBJ2-3*01
CASSLGQNYGYTF	TRBV5-6*01	TRBJ1-2*01
CASSSIAKLATGELFF	TRBV5-6*01	TRBJ2-2*01
CASSRLGLARNYEQYF	TRBV5-6*01	TRBJ2-7*01
CASSWGDRGAGANVLTF	TRBV5-6*01	TRBJ2-6*01
CASSLRTGAEQYF	TRBV5-6*01	TRBJ2-7*01
CASSLNAVSYNEQFF	TRBV7-6*01	TRBJ2-1*01
CASSPTGTGVWETQYF	TRBV7-6*01	TRBJ2-5*01
CASSLGVAGGTDTQYF	TRBV7-6*01	TRBJ2-3*01
CASSKPGLAGLQETQYF	TRBV7-6*01	TRBJ2-5*01
CASSFGLGETQYF	TRBV7-6*01	TRBJ2-5*01
CASTVNGHPYEQYF	TRBV7-6*01	TRBJ2-7*01
CASSLTGGSYEQYF	TRBV7-6*01	TRBJ2-5*01
CASSLGGSSDTQYF	TRBV7-6*01	TRBJ2-3*01
CASSLAYPTGELFF	TRBV7-6*01	TRBJ2-2*01
CASSLATGADTQYF	TRBV7-6*01	TRBJ2-3*01
CASSSPDRIQETQYF	TRBV5-7*01	TRBJ2-5*01
CASSVGNTEAFF	TRBV5-7*01	TRBJ1-1*01
CASSRFQLTSGRNEQFF	TRBV5-7*01	TRBJ2-1*01
CASSFSRLAYEQYF	TRBV5-7*01	TRBJ2-5*01
CASSLSVTGELFF	TRBV7-7*01	TRBJ2-2*01
CASSQGLAGEETQYF	TRBV7-7*01	TRBJ2-5*01
CASSPFGGGDNEQFF	TRBV7-7*01	TRBJ2-1*01
CASSRSTSGSSDEQFF	TRBV7-7*01	TRBJ2-1*01
CASSFGGRADTQYF	TRBV7-7*01	TRBJ2-3*01
CASRGFRTAGLAGKQFF	TRBV27*01	TRBJ2-1*01
CASSPSDKPNPNQPQHF	TRBV27*01	TRBJ1-5*01
CASKLTGVAGVAGELFF	TRBV27*01	TRBJ2-2*01
CASHKRGGMGDTDTQYF	TRBV27*01	TRBJ2-3*01
CASSPPGGPSPNNEQFF	TRBV27*01	TRBJ2-1*01
CASSLTMRQGIYNEQFF	TRBV27*01	TRBJ2-1*01
CASSLTGIGNTEAFF	TRBV5-5*01	TRBJ1-1*01
CASSLSGAYEQYF	TRBV5-5*01	TRBJ2-7*01
CASSSLAGPSSIYEQYF	TRBV5-5*01	TRBJ2-7*01
CASSLLSNQPQHF	TRBV5-5*01	TRBJ1-5*01
CASSLFLETQYF	TRBV5-5*01	TRBJ2-5*01
CASSLGARGSSEQYF	TRBV5-5*01	TRBJ2-7*01
CASSFQTGANSPLHF	TRBV5-5*01	TRBJ1-6*01
CASRILAGGYNEQFF	TRBV5-5*01	TRBJ2-1*01
CASSLNGGYEQYF	TRBV5-5*01	TRBJ2-7*01
CASTLGPDQETQYF	TRBV5-5*01	TRBJ2-5*01
CASSLPIQETQYF	TRBV6-6*02, or TRBV6-6*01	TRBJ2-5*01
CATRQEQITDTQYF	TRBV6-6*02, or TRBV6-6*01	TRBJ2-3*01
CATRGTSGFYEQYF	TRBV6-6*02, or TRBV6-6*01	TRBJ2-7*01
CASSPGGGNYGYTF	TRBV6-6*02, or TRBV6-6*01	TRBJ1-2*01
CASSAGGVRETQYF	TRBV6-6*02, or TRBV6-6*01	TRBJ2-5*01
CASSYPLTSYEQYF	TRBV6-6*02, or TRBV6-6*01	TRBJ2-7*01
CASSNGLAGVGDTQYF	TRBV6-6*02, or TRBV6-6*01	TRBJ2-3*01
CASS*LGLYNEQFF	TRBV6-6*02, or TRBV6-6*01	TRBJ2-1*01
CASRTGTGGLHEQYF	TRBV6-6*02, or TRBV6-6*01	TRBJ2-7*01
CASSYKDGPAYEQYF	TRBV6-6*02, or TRBV6-6*01	TRBJ2-7*01
CASSSLTSGPKETQYF	TRBV6-6*02, or TRBV6-6*01	TRBJ2-5*01
CASLGAPDTQYF	TRBV6-6*02, or TRBV6-6*01	TRBJ2-3*01
CASSFVFF	TRBV5-7*01	TRBJ2-1*01
CASTFPRKGYEQYF	TRBV6-8*01	TRBJ2-7*01
CASTTDRATDTQYF	TRBV6-8*01	TRBJ2-3*01
CASDPGTSGALAYEQYF	TRBV6-8*01	TRBJ2-7*01
CARGLTAGGAYEQYF	TRBV6-8*01	TRBJ2-5*01
CASSVPDTQYF	TRBV6-8*01	TRBJ2-3*01
CASSLALGRRETQYF	TRBV7-7*01	TRBJ2-5*01
CASSRSGRANGELFF	TRBV7-7*01	TRBJ2-2*01
CASSLSGTGGEQFF	TRBV7-7*01	TRBJ2-1*01
CASSSGLAGDTDTQYF	TRBV7-7*01	TRBJ2-3*01
CASSLATGQGTGELFF	TRBV7-7*01	TRBJ2-2*01
CASSLVGNTEAFF	TRBV7-7*01	TRBJ1-1*01
CASSPLMTPGEQFF	TRBV7-7*01	TRBJ2-1*01
CASSLGLAGQETQYF	TRBV5-6*01	TRBJ2-5*01
CASSGQGQGFYGYTF	TRBV5-6*01	TRBJ1-2*01
CASSGGVVPSYNEQFF	TRBV5-6*01	TRBJ2-1*01
CASSFWASAITDTQYF	TRBV5-6*01	TRBJ2-3*01
CASSTLRAKNIQYF	TRBV5-6*01	TRBJ2-4*01
CASSQTGKHGNTGELFF	TRBV5-6*01	TRBJ2-2*01
CASSSPGLAGDPYEQYF	TRBV5-6*01	TRBJ2-7*01
CASSWEQGDRETQYF	TRBV5-6*01	TRBJ2-5*01
CASSLRGRFSGANVLTF	TRBV5-6*01	TRBJ2-6*01
CASSF*TGRNEKLFF	TRBV5-7*01	TRBJ1-4*01
CASSGKD*TNEKLFF	TRBV5-7*01	TRBJ1-4*01
CAST*GD*REYRTDTQYF	TRBV5-7*01	TRBJ2-3*01
CASSFSRLAYEQYF	TRBV5-7*01	TRBJ2-7*01
CASSLALGVYNEQFF	TRBV7-6*01	TRBJ2-1*01
CASSQGPGEQYF	TRBV7-6*01	TRBJ2-5*01
CASSL*RERPQETQYF	TRBV7-6*01	TRBJ2-5*01
CASSRNSGNTGELFF	TRBV7-6*01	TRBJ2-2*01
CASSPGLAGEETQYF	TRBV7-6*01	TRBJ2-5*01
CASSLVQGYQETQYF	TRBV7-6*01	TRBJ2-5*01
CASSFSAGRHYEQYF	TRBV7-6*01	TRBJ2-7*01
CASSSTGGSLYEQYF	TRBV7-6*01	TRBJ2-7*01
CASSSPYSAKETQYF	TRBV7-6*01	TRBJ2-5*01
CASSLDPFGRGEQYF	TRBV7-6*01	TRBJ2-7*01
CASSLARRGTDTQYF	TRBV7-6*01	TRBJ2-3*01
CASSSSGRGSAFPYNEQFF	TRBV7-6*01	TRBJ2-1*01
CASSSSSLYEQYF	TRBV5-5*01	TRBJ2-7*01
CASSSRAGFANTGELFF	TRBV5-5*01	TRBJ2-2*01
CASNGHHSYEQYF	TRBV5-5*01	TRBJ2-7*01
CASSGREKRNTDTQYF	TRBV5-5*01	TRBJ2-3*01
CASSLVGSGTAFGETQYF	TRBV5-5*01	TRBJ2-5*01
CASSLYSRDRGGYTF	TRBV5-5*01	TRBJ1-2*01
CASSRAGTGGSYEQYF	TRBV5-5*01	TRBJ2-7*01
CASWWQVSNDEQYF	TRBV5-5*01	TRBJ2-7*01
CASSLVPGRHQPQHF	TRBV5-5*01	TRBJ1-5*01
CASSLGPLNTEAFF	TRBV5-5*01	TRBJ1-1*01
CASSLEWTGSGYTF	TRBV5-5*01	TRBJ1-2*01
CARSGFYEQYF	TRBV6-6*02, or TRBV6-6*01	TRBJ2-5*01
CASREGEGPQHF	TRBV6-6*02, or TRBV6-6*01	TRBJ1-5*01
CASSYRGRQETQYF	TRBV6-6*02, or TRBV6-6*01	TRBJ2-5*01
CASSYLGASYEQYF	TRBV6-6*02, or TRBV6-6*01	TRBJ2-7*01
CASSYPGQGSYEQYF	TRBV6-6*02, or TRBV6-6*01	TRBJ2-5*01
CASSHRAGAGTDTQYF	TRBV6-6*02, or TRBV6-6*01	TRBJ2-3*01
CASRNQGAGGANVLTF	TRBV6-6*02, or TRBV6-6*01	TRBJ2-6*01
CASKRRAGETQYF	TRBV6-6*02, or TRBV6-6*01	TRBJ2-5*01
CASSLTGGNEQFF	TRBV6-6*02, or TRBV6-6*01	TRBJ2-1*01
CASTGTLNTGELFF	TRBV6-6*02, or TRBV6-6*01	TRBJ2-2*01
CASSGGLARGETQYF	TRBV6-6*02, or TRBV6-6*01	TRBJ2-5*01
CASSLGTGGKETQYF	TRBV7-7*01	TRBJ2-5*01
CASSLVRGPQETQYF	TRBV7-7*01	TRBJ2-5*01
CASSRPTGRSYEQYF	TRBV7-7*01	TRBJ2-7*01
CASSFD*RSYNEQFF	TRBV7-7*01	TRBJ2-1*01
CASSITATVKATQYF	TRBV7-7*01	TRBJ2-5*01
CASSIQGADMQYF	TRBV13*01	TRBJ2-3*01
CASSLVRAHEQYF	TRBV13*01	TRBJ2-7*01
CASSIQGADTQYF	TRBV13*01	TRBJ2-3*01
CASSPRGRRTDTQYF	TRBV13*01	TRBJ2-3*01
CASSLRLRAQETQYF	TRBV13*01	TRBJ2-5*01
CASSRGTSDVEQYF	TRBV27*01	TRBJ2-7*01
CASSFQGSNQPQHF	TRBV27*01	TRBJ1-5*01
CASRTGGRDGELFF	TRBV27*01	TRBJ2-2*01
CASSNQWASQETQYF	TRBV27*01	TRBJ2-5*01
CASSVSGRVTGELFF	TRBV27*01	TRBJ2-2*01
CASSPGFSYQETQYF	TRBV27*01	TRBJ2-5*01
CASSPDGRRRVISPGTQYF	TRBV27*01	TRBJ2-3*01
CASSFEGGALAKNIQYF	TRBV27*01	TRBJ2-4*01
CASLSGVEQFF	TRBV27*01	TRBJ2-1*01
CARGLTAGGAYEQYF	TRBV6-8*01	TRBJ2-7*01
CASSYSGRAPDTQYF	TRBV13*01	TRBJ2-3*01
CASSLAGSYNEQFF	TRBV13*01	TRBJ2-1*01
CASSSIPLGEETQYF	TRBV13*01	TRBJ2-5*01
CASSLDLAPRDEQFF	TRBV13*01	TRBJ2-1*01
CASSFRTSREDTQYF	TRBV13*01	TRBJ2-3*01
CASSLWGGETQYF	TRBV13*01	TRBJ2-5*01
CASSLAGGPSNEQFF	TRBV13*01	TRBJ2-1*01
CASSLGGTSQETQYF	TRBV13*01	TRBJ2-5*01
CASSLVADGSYEQYF	TRBV13*01	TRBJ2-7*01
CASSSRDRGRYEQYF	TRBV13*01	TRBJ2-5*01
CASRSGRRYQETQYF	TRBV13*01	TRBJ2-5*01
CASSLTQPGHGYTF	TRBV13*01	TRBJ1-2*01
CASSFPPGRYRDTQYF	TRBV5-6*01	TRBJ2-3*01
CASSLEVQGSGNTIYF	TRBV5-6*01	TRBJ1-3*01
CASSPSTTGGYTF	TRBV5-6*01	TRBJ1-2*01
CASSLQGYYEQYF	TRBV5-6*01	TRBJ2-7*01
CASSSDRDFHTDTQYF	TRBV5-6*01	TRBJ2-3*01
CASSLEWLAGGKIHEQFF	TRBV5-6*01	TRBJ2-1*01
CASMLWRDSSYEQYF	TRBV5-6*01	TRBJ2-7*01
CASSSGPLAGEQETQYF	TRBV5-6*01	TRBJ2-5*01
CASSLGRGSASTDTQYF	TRBV5-6*01	TRBJ2-3*01
CASSLGQYNSPLHF	TRBV5-5*01	TRBJ1-6*01
CASSPRDSPNQPQHF	TRBV5-5*01	TRBJ1-5*01
CASSLRLAGGKDEQFF	TRBV5-5*01	TRBJ2-1*01
CASS*PLEIQETQYF	TRBV5-5*01	TRBJ2-5*01
CASSPLGLAAFF	TRBV5-5*01	TRBJ1-1*01
CASSLVTGPYGYTF	TRBV5-5*01	TRBJ1-2*01
CASSLVGQGAGRNEQFF	TRBV5-5*01	TRBJ2-1*01
CASSLDWQSSYEQYF	TRBV5-5*01	TRBJ2-7*01
CASSLGGRGEQYF	TRBV5-5*01	TRBJ2-7*01
CATRDRAGLVGETQYF	TRBV5-5*01	TRBJ2-5*01
CASSRPSGIVKNIQYF	TRBV6-6*02, or TRBV6-6*01	TRBJ2-4*01
CASSYIDVGELFF	TRBV6-6*02, or TRBV6-6*01	TRBJ1-4*01
CASSYGENFEAFF	TRBV6-6*02, or TRBV6-6*01	TRBJ1-1*01
CASSYSTGLYEQYF	TRBV6-6*02, or TRBV6-6*01	TRBJ2-7*01
CASSGRDRGLGYTF	TRBV6-6*02, or TRBV6-6*01	TRBJ1-2*01
CASSSRGGLAGVPQYF	TRBV6-6*02, or TRBV6-6*01	TRBJ2-3*01
CASKGAGGYEQYF	TRBV6-6*02, or TRBV6-6*01	TRBJ2-7*01
CASSRSGMGNEQFF	TRBV6-6*02, or TRBV6-6*01	TRBJ2-1*01
CASSYPQFPNEQFF	TRBV6-6*02, or TRBV6-6*01	TRBJ2-1*01
CASTTNGRVGDEQYF	TRBV6-6*02, or TRBV6-6*01	TRBJ2-7*01
CASSRLAGRKIETQYF	TRBV7-6*01	TRBJ2-5*01
CASSLAGRGAYNEQFF	TRBV7-6*01	TRBJ2-1*01
CASSLGTGISYNEQFF	TRBV7-6*01	TRBJ2-1*01
CASSLLTSGTETQYF	TRBV7-6*01	TRBJ2-5*01
CASSLAWVKRPRGHNEQFF	TRBV7-6*01	TRBJ2-1*01
CASSLYYSGQGETQYF	TRBV7-6*01	TRBJ2-5*01
CASSLGTTGSSGEQYF	TRBV7-6*01	TRBJ2-7*01
CASSFSD*EDTQYF	TRBV7-6*01	TRBJ2-3*01
CASSLLAGGAGELFF	TRBV7-6*01	TRBJ2-2*01
CASSSGSVPTDTQYF	TRBV7-6*01	TRBJ2-3*01
CASSYTPPGLAGGAYEQYF	TRBV7-6*01	TRBJ2-7*01
CASSARDKTRQTQYF	TRBV5-8*01	TRBJ2-5*01
CASSLKRLRTETQYF	TRBV5-8*01	TRBJ2-5*01
CASSLGGRGTPQETQYF	TRBV5-8*01	TRBJ2-5*01
CASSFPLRLSYEQYF	TRBV5-8*01	TRBJ2-7*01
CASSPGTGYGDEQYF	TRBV5-8*01	TRBJ2-7*01
CASRLSGSETQYF	TRBV5-8*01	TRBJ2-5*01
CASSPGTAGATSTRYEQYF	TRBV5-8*01	TRBJ2-7*01
CASSLGISGRGQETQYF	TRBV5-8*01	TRBJ2-5*01
CASNKLAVNTGELFF	TRBV5-8*01	TRBJ2-2*01
CASSLGGANTDTQYF	TRBV5-8*01	TRBJ2-3*01
CASSLGDRGMETQYF	TRBV5-8*01	TRBJ2-5*01
CASSGVAGRATGELFF	TRBV7-7*01	TRBJ2-2*01
CASSGYRDRGPPYEQYF	TRBV7-7*01	TRBJ2-7*01
CASSPGLTYNEQFF	TRBV7-7*01	TRBJ2-1*01
CASSLKASGIHEQYF	TRBV7-7*01	TRBJ2-7*01
CASSLTGTGGLDEQFF	TRBV7-7*01	TRBJ2-1*01
CASSYSGRRETQYF	TRBV7-7*01	TRBJ2-5*01
CASSLTLAGGGEQFF	TRBV7-7*01	TRBJ2-1*01
CASSAGTAPEQYF	TRBV13*01	TRBJ2-7*01
CASSLSAGIEQYF	TRBV13*01	TRBJ2-7*01
CASSLTGETQYF	TRBV13*01	TRBJ2-5*01
CASSSGQGTDTQYF	TRBV13*01	TRBJ2-3*01
CASSGLAGYNEQFF	TRBV13*01	TRBJ2-1*01
CASSLLGQTYEQYF	TRBV13*01	TRBJ2-7*01
CASSLFVVETQYF	TRBV13*01	TRBJ2-5*01
CASSKGLTDTQYF	TRBV13*01	TRBJ2-3*01
CASTQGGAPYEQYF	TRBV13*01	TRBJ2-7*01
CASSYPGRDNEQFF	TRBV13*01	TRBJ2-1*01
CASGTGLDTDTQYF	TRBV13*01	TRBJ2-3*01
CASSAGRGSSYEQYF	TRBV13*01	TRBJ2-5*01
CASSYESRD*RYNEQFF	TRBV6-8*01	TRBJ2-1*01
CASSYSGQSSYNEQFF	TRBV6-8*01	TRBJ2-1*01
CASSYLASGSSTDTQYF	TRBV6-8*01	TRBJ2-3*01
CASSLGQGGYGYTF	TRBV5-5*01	TRBJ1-2*01
CASSSRTGGSEQYF	TRBV5-5*01	TRBJ2-7*01
CASRSGRANGETQYF	TRBV5-5*01	TRBJ2-5*01
CASSLDRVGTDTQYF	TRBV5-5*01	TRBJ2-3*01
CASSGGTGGTDTQYF	TRBV5-5*01	TRBJ2-3*01
CASSLFSDTQYF	TRBV5-5*01	TRBJ2-3*01
CASSLAGTGVDQPQHF	TRBV5-5*01	TRBJ1-5*01
CASSWGWGGETQYF	TRBV5-5*01	TRBJ2-5*01
CASSSGGSGGVGNTIYF	TRBV5-5*01	TRBJ1-3*01
CASRTSTSGALYEQYF	TRBV5-5*01	TRBJ2-7*01
CASSLTNTDTQYF	TRBV5-5*01	TRBJ2-3*01
CASSRPTGEQYF	TRBV27*01	TRBJ2-7*01
CASSFRTGELFF	TRBV27*01	TRBJ2-2*01
CASSLWGGKQFF	TRBV27*01	TRBJ2-1*01
CASSPKRSQETQYF	TRBV27*01	TRBJ2-5*01
CASSPRTGGYGYTF	TRBV27*01	TRBJ1-2*01
CASSLKWGGYEQYF	TRBV27*01	TRBJ2-7*01
CASSLRLGGNEQYF	TRBV27*01	TRBJ2-7*01
LSGYTF	TRBV27*01	TRBJ1-2*01
CASSPRDRSTRGYTF	TRBV27*01	TRBJ1-2*01
CASSYSISPSRSQYF	TRBV6-6*02, or TRBV6-6*01	TRBJ2-5*01
CASSYGPGQFF	TRBV6-6*02, or TRBV6-6*01	TRBJ2-1*01
CASSTQMGENIQYF	TRBV6-6*02, or TRBV6-6*01	TRBJ2-4*01
CASSRSASGMAEQFF	TRBV6-6*02, or TRBV6-6*01	TRBJ2-1*01
CASSYQAGGPYEQYF	TRBV6-6*02, or TRBV6-6*01	TRBJ2-7*01
CASSQSLTGDTEAFF	TRBV6-6*02, or TRBV6-6*01	TRBJ1-1*01
CASFFMASVADTQYF	TRBV6-6*02, or TRBV6-6*01	TRBJ2-3*01
CASSYSSSTDTQYF	TRBV6-6*02, or TRBV6-6*01	TRBJ2-3*01
CASSRGGATDTQYF	TRBV6-6*02, or TRBV6-6*01	TRBJ2-3*01
CASSHRGVSPYEQYF	TRBV6-6*02, or TRBV6-6*01	TRBJ2-7*01
CASSYSGQGIDEQYF	TRBV6-6*02, or TRBV6-6*01	TRBJ2-5*01
CASSKNRGYGYTF	TRBV7-6*01	TRBJ1-2*01
CASSARGEGTEAFF	TRBV7-6*01	TRBJ1-1*01
CASSLETGAETQYF	TRBV7-6*01	TRBJ2-5*01
CASSLNQASPQHF	TRBV7-6*01	TRBJ1-5*01
CASGRGRQETQYF	TRBV7-6*01	TRBJ2-5*01
CASTPGQGAYTQYF	TRBV7-6*01	TRBJ2-3*01
CASSPTGGTETQYF	TRBV7-6*01	TRBJ2-5*01
CASSSQGAANYGYTF	TRBV7-6*01	TRBJ1-2*01
CASSPLAGGLGNEQFF	TRBV7-6*01	TRBJ2-1*01
CASSVSGGSGNTIYF	TRBV7-7*01	TRBJ1-3*01
CASSPGLVNEQFF	TRBV7-7*01	TRBJ2-1*01
CASSLISAQGESSYEQYF	TRBV7-7*01	TRBJ2-7*01
*GMSSGANVLTF	TRBV7-7*01	TRBJ2-6*01
CASSLGGSGANVLTF	TRBV7-7*01	TRBJ2-6*01
CASSSGTGSEKLFF	TRBV7-7*01	TRBJ1-4*01
CASSFTSGKTDTQYF	TRBV5-6*01	TRBJ2-3*01
CASSLGKRNTGELFF	TRBV5-6*01	TRBJ2-2*01
CASSFATSGGAYEQYF	TRBV5-6*01	TRBJ2-7*01
CASSSAITLPGLSTDTQYF	TRBV5-6*01	TRBJ2-3*01
CASSFDNEQFF	TRBV5-6*01	TRBJ2-1*01
CASRPWTGGFTGELFF	TRBV5-6*01	TRBJ2-2*01
CASSLIRGAGTGELFF	TRBV5-6*01	TRBJ2-2*01
CASSRPPIVDTQYF	TRBV5-6*01	TRBJ2-3*01
CASSLRHTGNTIYF	TRBV5-6*01	TRBJ1-3*01
CASSLASPQETQYF	TRBV5-6*01	TRBJ2-5*01
CASSLRRILGFSYTF	TRBV13*01	TRBJ1-2*01
CASSLALAGNSPLHF	TRBV13*01	TRBJ1-6*01
CASSLPGIRADTQYF	TRBV13*01	TRBJ2-3*01
CASSFGGESSYEQYF	TRBV13*01	TRBJ2-5*01
CASRQTGGPYNEQFF	TRBV13*01	TRBJ2-1*01
CASSRRGTGANVLTF	TRBV13*01	TRBJ2-6*01
CASSISGRASETQYF	TRBV13*01	TRBJ2-5*01
CASSFAKTANNEQFF	TRBV13*01	TRBJ2-1*01
CASSSRGREETQYF	TRBV13*01	TRBJ2-5*01
CASSLGRGPTDTQYF	TRBV13*01	TRBJ2-3*01
CASSFGDWGGNEQFF	TRBV13*01	TRBJ2-1*01
CASSRTPDSYEQYF	TRBV13*01	TRBJ2-7*01
CASSFPRNSGANVLTF	TRBV5-8*01	TRBJ2-6*01
CASSLLTGTFQETQYF	TRBV5-8*01	TRBJ2-5*01
CASSLALRAEDTQYF	TRBV5-8*01	TRBJ2-3*01
CASSLGTPTDTQYF	TRBV5-8*01	TRBJ2-3*01
CASSLTLRSYEQYF	TRBV5-8*01	TRBJ2-7*01
CASSLVFRGAEAFF	TRBV5-8*01	TRBJ1-1*01
CASSLGRVSNQPQHF	TRBV5-8*01	TRBJ1-5*01
