junction_aa	v_call	j_call	locus
CASSVSGPSSYEQYF	TRBV5-6*01	TRBJ2-7*01	TRB
CASSLIGEGNQPQHF	TRBV5-6*01	TRBJ1-5*01	TRB
CASSAGAYEKLFF	TRBV5-6*01	TRBJ1-4*01	TRB
CASSSPDRDEQFF	TRBV5-6*01	TRBJ2-1*01	TRB
CASSLQGYYEQYF	TRBV5-6*01	TRBJ2-5*01	TRB
CASSLGDSYEQYF	TRBV5-6*01	TRBJ2-7*01	TRB
CASSLYGSSYNEQFF	TRBV5-6*01	TRBJ2-1*01	TRB
CASSLVASGYNEQFF	TRBV5-6*01	TRBJ2-1*01	TRB
CASSLYWGVTGELFF	TRBV5-6*01	TRBJ2-2*01	TRB
CASSSGTDRFYEQYF	TRBV5-6*01	TRBJ2-7*01	TRB
CASSFQPTYEQYF	TRBV5-6*01	TRBJ2-5*01	TRB
CASSLGLNDEQFF	TRBV5-6*01	TRBJ2-1*01	TRB
CASSLKQGAGNEQFF	TRBV5-6*01	TRBJ2-1*01	TRB
CASSIMTDTNYGYTF	TRBV5-6*01	TRBJ1-2*01	TRB
CASSLAPSVSYEQYF	TRBV5-6*01	TRBJ2-5*01	TRB
CASSLLGEYEEFF	TRBV5-6*01	TRBJ2-1*01	TRB
CASSWGGRGPETQYF	TRBV5-6*01	TRBJ2-5*01	TRB
CASSLISVCDQPQHF	TRBV5-6*01	TRBJ1-5*01	TRB
CASRSVGVAEQYF	TRBV5-6*01	TRBJ2-7*01	TRB
CASSPSGGSGYTF	TRBV5-6*01	TRBJ1-2*01	TRB
CASSARLAGGLETQYF	TRBV5-6*01	TRBJ2-5*01	TRB
CASSLEPRGNTGELFF	TRBV5-6*01	TRBJ2-2*01	TRB
CASSRPGPSYEQYF	TRBV5-6*01	TRBJ2-7*01	TRB
CASSSSGRLETQYF	TRBV5-6*01	TRBJ2-5*01	TRB
CASSRVGDQETQYF	TRBV5-6*01	TRBJ2-5*01	TRB
CASSRQGLGETQYF	TRBV5-6*01	TRBJ2-5*01	TRB
CASSSQGTNQPQHF	TRBV5-6*01	TRBJ1-5*01	TRB
CASSLRARHETQYF	TRBV5-6*01	TRBJ2-5*01	TRB
CASSPTIGGGETQYF	TRBV5-6*01	TRBJ2-5*01	TRB
CASSLYQGINSPLHF	TRBV5-6*01	TRBJ1-6*01	TRB
CASSLGWTYEQYF	TRBV5-6*01	TRBJ2-7*01	TRB
CASSSLAGGLYEQYF	TRBV5-6*01	TRBJ2-7*01	TRB
CASSLPGDRINEQFF	TRBV5-6*01	TRBJ2-1*01	TRB
CASSLGPAGFYEQFF	TRBV5-6*01	TRBJ2-1*01	TRB
CASSLVGGA*YEQYF	TRBV5-6*01	TRBJ2-7*01	TRB
CASRSGQ*ETQYF	TRBV5-6*01	TRBJ2-5*01	TRB
CASSKQGALLADTQYF	TRBV5-6*01	TRBJ2-3*01	TRB
CASSLGAANEKLFF	TRBV5-6*01	TRBJ1-4*01	TRB
CASTAGDTF*TQYF	TRBV5-6*01	TRBJ2-5*01	TRB
CASSLSGEQYF	TRBV5-6*01	TRBJ2-7*01	TRB
CASRGGQGAFF	TRBV5-6*01	TRBJ1-1*01	TRB
CASSLTGGTEKLFF	TRBV5-6*01	TRBJ1-4*01	TRB
CASSLGPGTGYF	TRBV5-6*01	TRBJ2-5*01	TRB
CASSVGHPTLKNIQYF	TRBV5-6*01	TRBJ2-4*01	TRB
CASSSPRRGYYNEQFF	TRBV5-6*01	TRBJ2-1*01	TRB
CASSLESRVNTDTQYF	TRBV5-6*01	TRBJ2-3*01	TRB
CASRPPGSQETQYF	TRBV5-6*01	TRBJ2-5*01	TRB
CASSSGGGQGARYF	TRBV5-6*01	TRBJ2-5*01	TRB
CASSLQGGVGGYTF	TRBV5-6*01	TRBJ1-2*01	TRB
CASSLFWSDFYEQYF	TRBV5-6*01	TRBJ2-5*01	TRB
CASSSRTGWVQYF	TRBV5-6*01	TRBJ2-4*01	TRB
CASSLGPAGNYEQYF	TRBV5-6*01	TRBJ2-7*01	TRB
CASSLVSTPEAFF	TRBV5-6*01	TRBJ1-1*01	TRB
CASKRGVGTSETQYF	TRBV5-6*01	TRBJ2-5*01	TRB
CASSLGSLGGNEQFF	TRBV5-6*01	TRBJ2-1*01	TRB
CASSLEPSVPYEQYF	TRBV5-6*01	TRBJ2-7*01	TRB
CASSPWYGTEAFF	TRBV27*01	TRBJ1-1*01	TRB
CASSFRDRGGYTF	TRBV27*01	TRBJ1-2*01	TRB
CASSQTGGAFYPNQPQHF	TRBV27*01	TRBJ1-5*01	TRB
CASSLRARSGGDTGELFF	TRBV27*01	TRBJ2-2*01	TRB
CASSLDYRGRTLDTEAFF	TRBV27*01	TRBJ1-1*01	TRB
CASSLAGGPRLRTDTQYF	TRBV27*01	TRBJ2-3*01	TRB
CASSFRGQGRVNTGELFF	TRBV27*01	TRBJ2-2*01	TRB
CASSSLGYNEQFF	TRBV27*01	TRBJ2-1*01	TRB
CASSLLGTDTQYF	TRBV27*01	TRBJ2-3*01	TRB
CASSLC*GGTSGRAGETQYF	TRBV27*01	TRBJ2-5*01	TRB
CASRPTQWAFF	TRBV6-7*01	TRBJ1-1*01	TRB
CASSLRGLATNEKLFF	TRBV6-7*01	TRBJ1-4*01	TRB
CASSPQGSQPQHF	TRBV6-7*01	TRBJ1-5*01	TRB
CASSPGDRGRGEQYF	TRBV5-6*01	TRBJ2-7*01	TRB
CASSWDRGYEQYF	TRBV5-6*01	TRBJ2-7*01	TRB
CASSLHGLAGEIEQYF	TRBV5-6*01	TRBJ2-7*01	TRB
CASSGPGALSYNEQFF	TRBV5-6*01	TRBJ2-1*01	TRB
CASSSLSGRGEETQYF	TRBV5-6*01	TRBJ2-5*01	TRB
CASSLRRSGRIDTQYF	TRBV5-6*01	TRBJ2-3*01	TRB
CASSLGRGLDTGELFF	TRBV5-6*01	TRBJ2-2*01	TRB
CASSVDRSSYNSPLHF	TRBV5-6*01	TRBJ1-6*01	TRB
CASSSLGAPDTGELFF	TRBV5-6*01	TRBJ2-2*01	TRB
CASSTKRWGDTQYF	TRBV5-6*01	TRBJ2-3*01	TRB
CASSLRTGLTQYF	TRBV27*01	TRBJ2-5*01	TRB
CASAQGEQHEQYF	TRBV27*01	TRBJ2-7*01	TRB
CASSLPPPGLAGG*TYEQYF	TRBV27*01	TRBJ2-7*01	TRB
CASSLSGNYGYTF	TRBV27*01	TRBJ1-2*01	TRB
CASRRRSSYEQYF	TRBV27*01	TRBJ2-5*01	TRB
CASSTGPYNEQFF	TRBV27*01	TRBJ2-1*01	TRB
CASSLRENQPQHF	TRBV27*01	TRBJ1-5*01	TRB
CASSWGQGETQYF	TRBV7-7*01	TRBJ2-5*01	TRB
CATSLVHGDQETQYF	TRBV7-7*01	TRBJ2-5*01	TRB
CASSLGQVNQETQYF	TRBV7-7*01	TRBJ2-5*01	TRB
CASRLRESSGANVLTF	TRBV7-7*01	TRBJ2-6*01	TRB
CASSRGPSETQYF	TRBV7-7*01	TRBJ2-5*01	TRB
CASSPKSSVNTGELFF	TRBV7-7*01	TRBJ2-2*01	TRB
CASSLFLSGGCSYEQYF	TRBV7-7*01	TRBJ2-7*01	TRB
CASSIGNEQFF	TRBV7-7*01	TRBJ2-1*01	TRB
CASSYGAGGTEAFF	TRBV5-6*01	TRBJ1-1*01	TRB
CASSSWTYSYEQYF	TRBV5-6*01	TRBJ2-7*01	TRB
CASSLGPGGETQYF	TRBV5-6*01	TRBJ2-5*01	TRB
CASSLRGQGANGYTF	TRBV5-6*01	TRBJ1-2*01	TRB
CASSFGQREQQYF	TRBV5-6*01	TRBJ2-5*01	TRB
CASRAPGLADTDTQYF	TRBV5-6*01	TRBJ2-3*01	TRB
CASSGKGTGDLYGYTF	TRBV5-6*01	TRBJ1-2*01	TRB
CASSPQPWRGETQYF	TRBV5-6*01	TRBJ2-5*01	TRB
CASSYSKGYNEQFF	TRBV6-7*01	TRBJ2-1*01	TRB
CASIIRD*RFSYEQYF	TRBV6-7*01	TRBJ2-7*01	TRB
CASPRTSGPHEQFF	TRBV6-7*01	TRBJ2-1*01	TRB
CASSELAVKRSSTDTQYF	TRBV6-7*01	TRBJ2-3*01	TRB
CASSYPPSNDEQFF	TRBV6-7*01	TRBJ2-1*01	TRB
CASSQGLGGPYEQYF	TRBV7-7*01	TRBJ2-7*01	TRB
CASSLADGQPQHF	TRBV7-7*01	TRBJ1-5*01	TRB
CASRPRGTRGTIVEQFF	TRBV7-7*01	TRBJ2-1*01	TRB
CASSIRLAGQETQYF	TRBV7-7*01	TRBJ2-5*01	TRB
CASSRTSGIADTQYF	TRBV7-7*01	TRBJ2-3*01	TRB
CASSL*LAQRQETQYF	TRBV7-7*01	TRBJ2-5*01	TRB
CASSFKGETQYF	TRBV7-7*01	TRBJ2-5*01	TRB
CAIGRSLNQPQHF	TRBV27*01	TRBJ1-5*01	TRB
CAVEVLAKNIQYF	TRBV27*01	TRBJ2-4*01	TRB
CASSFGPGTSGRGNEQFF	TRBV27*01	TRBJ2-1*01	TRB
CASKTGSSYEQYF	TRBV27*01	TRBJ2-7*01	TRB
CASRASGANVLTF	TRBV27*01	TRBJ2-6*01	TRB
CASSLTSAYEQYF	TRBV27*01	TRBJ2-7*01	TRB
CASGQVSNQPQHF	TRBV27*01	TRBJ1-5*01	TRB
CASGSGGLAGALYNEQFF	TRBV27*01	TRBJ2-1*01	TRB
CASSLRARQGAAPYEQYF	TRBV27*01	TRBJ2-7*01	TRB
CASSLGLAKNNEQFF	TRBV5-6*01	TRBJ2-1*01	TRB
CASSFPKTTGETQYF	TRBV5-6*01	TRBJ2-5*01	TRB
CASSLVPGGEQYF	TRBV5-6*01	TRBJ2-5*01	TRB
CASSLARGEQFF	TRBV5-6*01	TRBJ2-1*01	TRB
CASSTNPGTANEKLFF	TRBV5-6*01	TRBJ1-4*01	TRB
CASSLH*RELGETQYF	TRBV5-6*01	TRBJ2-5*01	TRB
CASSVYGYEQYF	TRBV5-6*01	TRBJ2-7*01	TRB
CASSSGGYEQYF	TRBV5-6*01	TRBJ2-7*01	TRB
CASSSLD*RENEQYF	TRBV6-7*01	TRBJ2-7*01	TRB
CASSYPVGGPPYNQPQHF	TRBV6-7*01	TRBJ1-5*01	TRB
CASSYNHETGQPQHF	TRBV6-7*01	TRBJ1-5*01	TRB
CASNKRGGTDTQYF	TRBV6-7*01	TRBJ2-3*01	TRB
CASSLDRKETQYF	TRBV7-7*01	TRBJ2-5*01	TRB
CASSPGLAGADQETQYF	TRBV7-7*01	TRBJ2-5*01	TRB
CASSPEVLGSEQYF	TRBV7-7*01	TRBJ2-7*01	TRB
CASSRDLLENEQFF	TRBV7-7*01	TRBJ2-1*01	TRB
CASSLTGFQETQYF	TRBV7-7*01	TRBJ2-5*01	TRB
CASSFDRADTQYF	TRBV7-7*01	TRBJ2-3*01	TRB
CASSLSMNTEAFF	TRBV7-7*01	TRBJ1-1*01	TRB
CASRVGSSYEQYF	TRBV27*01	TRBJ2-7*01	TRB
CASSFLGPETQYF	TRBV27*01	TRBJ2-5*01	TRB
CASREGNTDTQYF	TRBV27*01	TRBJ2-3*01	TRB
CASGSLSADTQYF	TRBV27*01	TRBJ2-3*01	TRB
CATLARGQGPANTGELFF	TRBV27*01	TRBJ2-2*01	TRB
CASKRTSANEQFF	TRBV27*01	TRBJ2-1*01	TRB
CASRLTGRYEQYF	TRBV27*01	TRBJ2-7*01	TRB
CASSPRGVSGKGRNEQFF	TRBV27*01	TRBJ2-1*01	TRB
CASSPSGRILYNSPLHF	TRBV27*01	TRBJ1-6*01	TRB
CASSPARGLLQETQYF	TRBV5-6*01	TRBJ2-5*01	TRB
CASSSRLGQGAGELFF	TRBV5-6*01	TRBJ2-2*01	TRB
CASSLN*PPFLREQYF	TRBV5-6*01	TRBJ2-7*01	TRB
CASSLKSHAPYNEQFF	TRBV5-6*01	TRBJ2-1*01	TRB
CASNLWGQPQHF	TRBV5-6*01	TRBJ1-5*01	TRB
CASSWERETQYF	TRBV5-6*01	TRBJ2-5*01	TRB
CASSTGHPVPYEQYF	TRBV5-6*01	TRBJ2-7*01	TRB
CASRGYGKYYEQYF	TRBV5-6*01	TRBJ2-7*01	TRB
CASSPGGLISYEQYF	TRBV7-7*01	TRBJ2-7*01	TRB
CASSPLAGGGDTQYF	TRBV7-7*01	TRBJ2-3*01	TRB
CASSASLAGYYEQYF	TRBV7-7*01	TRBJ2-7*01	TRB
CASSRRGQGEETQYF	TRBV7-7*01	TRBJ2-5*01	TRB
CASSSTGTPDTQYF	TRBV7-7*01	TRBJ2-3*01	TRB
CASSLDRGLETQYF	TRBV7-7*01	TRBJ2-5*01	TRB
CASSRRDRGGQETQYF	TRBV7-7*01	TRBJ2-5*01	TRB
CASSLGVSGPTSTDTQYF	TRBV7-7*01	TRBJ2-3*01	TRB
CASSLAPNTEAFF	TRBV7-7*01	TRBJ1-1*01	TRB
CASRDPTLYEQYF	TRBV6-7*01	TRBJ2-7*01	TRB
CASSLFGLRASQDGYTF	TRBV27*01	TRBJ1-2*01	TRB
CASSFSHRGR*NGELFF	TRBV27*01	TRBJ2-2*01	TRB
CASSYRGETQYF	TRBV27*01	TRBJ2-5*01	TRB
CASSFAGTSGKKWELYNEQFF	TRBV27*01	TRBJ2-1*01	TRB
CASSLLSRG*RGSTDTQYF	TRBV27*01	TRBJ2-3*01	TRB
CASSLRRDRGPGDTQYF	TRBV27*01	TRBJ2-3*01	TRB
CASSLNSLWEDYNEQFF	TRBV27*01	TRBJ2-1*01	TRB
CASSLLPIAGTQETQYF	TRBV27*01	TRBJ2-5*01	TRB
CASSLTSGLNTGELFF	TRBV7-7*01	TRBJ2-2*01	TRB
CASSPRGGAAQFF	TRBV7-7*01	TRBJ2-1*01	TRB
CASSPRNTGELFF	TRBV7-7*01	TRBJ2-2*01	TRB
CASSFGGELFF	TRBV7-7*01	TRBJ2-2*01	TRB
CASSRLSGRADTQYF	TRBV7-7*01	TRBJ2-3*01	TRB
CASSSTLAAQETQYF	TRBV7-7*01	TRBJ2-5*01	TRB
CASSLVEAPQETQYF	TRBV7-7*01	TRBJ2-5*01	TRB
CASSSGTGIFGETQYF	TRBV7-7*01	TRBJ2-5*01	TRB
CASSFGSTDTQYF	TRBV7-7*01	TRBJ2-3*01	TRB
CASSLWGAPVPITDTQYF	TRBV5-6*01	TRBJ2-3*01	TRB
CASSLEYEQYF	TRBV5-6*01	TRBJ2-5*01	TRB
CASSLVPLAGHETQYF	TRBV5-6*01	TRBJ2-5*01	TRB
CASSLLGYNSPLHF	TRBV5-6*01	TRBJ1-6*01	TRB
CASSPLFGELFF	TRBV5-6*01	TRBJ2-2*01	TRB
CASSLASLGGTDTQYF	TRBV5-6*01	TRBJ2-3*01	TRB
CASSTALEGETQYF	TRBV5-6*01	TRBJ2-5*01	TRB
CASQTVAPGPVFEQYF	TRBV6-7*01	TRBJ2-7*01	TRB
CASSYSPGAEDKVSLAKNIQYF	TRBV6-7*01	TRBJ2-4*01	TRB
CASSYS*GEKDKNIQYF	TRBV6-7*01	TRBJ2-4*01	TRB
CTSSLSQAFLAKNIQYF	TRBV7-7*01	TRBJ2-4*01	TRB
CASSRQGLETQYF	TRBV7-7*01	TRBJ2-5*01	TRB
CASSPTHSGANVLTF	TRBV7-7*01	TRBJ2-6*01	TRB
CASSPLAGPSP*DEQFF	TRBV7-7*01	TRBJ2-1*01	TRB
CASSLVGDQAQYF	TRBV7-7*01	TRBJ2-5*01	TRB
CASSLSGGLQETQYF	TRBV7-7*01	TRBJ2-5*01	TRB
CASSLVLQETQYF	TRBV7-7*01	TRBJ2-5*01	TRB
CASSFSPSSEAFF	TRBV7-7*01	TRBJ1-1*01	TRB
CASRLTGTSGRAGETQYF	TRBV27*01	TRBJ2-5*01	TRB
CAIYPPRNTEGSGQPQHF	TRBV27*01	TRBJ1-5*01	TRB
CASRLTGSYEQYF	TRBV27*01	TRBJ2-7*01	TRB
CASSPPRADTQYF	TRBV27*01	TRBJ2-3*01	TRB
CASSLSGETQYF	TRBV27*01	TRBJ2-5*01	TRB
CASTSD*PQETQYF	TRBV27*01	TRBJ2-5*01	TRB
CASSRQGDLSPLHF	TRBV27*01	TRBJ1-6*01	TRB
CASSRWGGVYEQYF	TRBV5-6*01	TRBJ2-7*01	TRB
CASSLGPHFYEQYF	TRBV5-6*01	TRBJ2-7*01	TRB
CASSLHRGLYEQYF	TRBV5-6*01	TRBJ2-7*01	TRB
CASSSTGTSGFWEQFF	TRBV5-6*01	TRBJ2-1*01	TRB
CASSIQGAQETQYF	TRBV5-6*01	TRBJ2-5*01	TRB
CASSLGTRRGEQYF	TRBV5-6*01	TRBJ2-7*01	TRB
CASSLEGQSYEQYF	TRBV5-6*01	TRBJ2-7*01	TRB
CASSLWGTGGEQYF	TRBV5-6*01	TRBJ2-5*01	TRB
CASSTIGPFNQETQYF	TRBV5-6*01	TRBJ2-5*01	TRB
CASSYEHRERYEQYF	TRBV6-7*01	TRBJ2-7*01	TRB
CASSYPQGLLATEAFF	TRBV6-7*01	TRBJ1-1*01	TRB
CASSYWSCTDTQYF	TRBV6-7*01	TRBJ2-3*01	TRB
CATRTSLENEQFF	TRBV6-7*01	TRBJ2-1*01	TRB
MAAGGYEQYF	TRBV6-7*01	TRBJ2-7*01	TRB
CASSKGQGLYEQYF	TRBV27*01	TRBJ2-7*01	TRB
CASSPRTGNYEQYF	TRBV27*01	TRBJ2-7*01	TRB
CASSSQGWGQPQHF	TRBV27*01	TRBJ1-5*01	TRB
CASSLTRGPYEQYF	TRBV27*01	TRBJ2-7*01	TRB
CASSLEAYNSPLHF	TRBV27*01	TRBJ1-6*01	TRB
CASRSRPDTGELFF	TRBV27*01	TRBJ2-2*01	TRB
CASSLY*GDTRNTEAFF	TRBV27*01	TRBJ1-1*01	TRB
CASSSYYEQYF	TRBV27*01	TRBJ2-5*01	TRB
CASSQAGRGETQYF	TRBV5-6*01	TRBJ2-5*01	TRB
CASSESGIYNEQFF	TRBV5-6*01	TRBJ2-1*01	TRB
CASSLKAFQETQYF	TRBV5-6*01	TRBJ2-5*01	TRB
CASSLGLVTDTQYF	TRBV5-6*01	TRBJ2-3*01	TRB
CASSLPGPRKEQYF	TRBV5-6*01	TRBJ2-7*01	TRB
CASSYPKGRDPKGEQFF	TRBV5-6*01	TRBJ2-1*01	TRB
CASSLGLN*RHKETQYF	TRBV5-6*01	TRBJ2-5*01	TRB
CASSFGLPATDTQYF	TRBV5-6*01	TRBJ2-3*01	TRB
CASSYSRDYNYEQFF	TRBV6-7*01	TRBJ2-1*01	TRB
CASSYSILQGVRETQYF	TRBV6-7*01	TRBJ2-5*01	TRB
CASSYQIYQETQYF	TRBV6-7*01	TRBJ2-5*01	TRB
CASSRPTGRSYEQYF	TRBV7-7*01	TRBJ2-5*01	TRB
CASSLEGTGVGETQYF	TRBV7-7*01	TRBJ2-5*01	TRB
CATGPRADTQYF	TRBV7-7*01	TRBJ2-3*01	TRB
CASSQREGYEQYF	TRBV7-7*01	TRBJ2-5*01	TRB
CASSRTDMREQYF	TRBV7-7*01	TRBJ2-7*01	TRB
CASSFKEGETQYF	TRBV7-7*01	TRBJ2-5*01	TRB
CASSSGLAGETQYF	TRBV7-7*01	TRBJ2-5*01	TRB
CASNELGQLTSPLHF	TRBV7-7*01	TRBJ1-6*01	TRB
CASSSPA*QPQHF	TRBV7-7*01	TRBJ1-5*01	TRB
CASSLGSQGRALGETQYF	TRBV7-7*01	TRBJ2-5*01	TRB
CASSLHGRAELSNQPQHF	TRBV27*01	TRBJ1-5*01	TRB
CATRTGGYNEQFF	TRBV27*01	TRBJ2-1*01	TRB
CASRLASSYEQYF	TRBV27*01	TRBJ2-7*01	TRB
CASIQRGALAGGPPGTDTQYF	TRBV27*01	TRBJ2-3*01	TRB
CASSYSGVETQYF	TRBV27*01	TRBJ2-5*01	TRB
CASSSPGAWGYTF	TRBV27*01	TRBJ1-2*01	TRB
CASSFGNQGTQYF	TRBV27*01	TRBJ2-5*01	TRB
CASSRRLAGGLNNEQFF	TRBV27*01	TRBJ2-1*01	TRB
CASSFPQNTEAFF	TRBV5-6*01	TRBJ1-1*01	TRB
CASSRDFYEQYF	TRBV5-6*01	TRBJ2-7*01	TRB
CASSLGGHSFRSSGNTIYF	TRBV5-6*01	TRBJ1-3*01	TRB
CASNLPGLDTEAFF	TRBV5-6*01	TRBJ1-1*01	TRB
CASSPGRWVRGGSNTEAFF	TRBV5-6*01	TRBJ1-1*01	TRB
CASSLLNRLGNEQFF	TRBV5-6*01	TRBJ2-1*01	TRB
CASSLGQQETQYF	TRBV5-6*01	TRBJ2-5*01	TRB
CASSRTGAGNTIYF	TRBV5-6*01	TRBJ1-3*01	TRB
CASSLYRASYGYTF	TRBV5-6*01	TRBJ1-2*01	TRB
CASTPVGGEKTQYF	TRBV5-6*01	TRBJ2-5*01	TRB
CASS*D*RTPEANEQFF	TRBV6-7*01	TRBJ2-1*01	TRB
CASRPGQGARQPQHF	TRBV6-7*01	TRBJ1-5*01	TRB
CASNLGVWREVLGQETQYF	TRBV6-7*01	TRBJ2-5*01	TRB
CASRPQGRGLKNTEAFF	TRBV27*01	TRBJ1-1*01	TRB
CASSLYAPGPRREGTGELFF	TRBV27*01	TRBJ2-2*01	TRB
CASSFAYFRDRDSRAKNIQYF	TRBV27*01	TRBJ2-4*01	TRB
CASSYIKGVWLAGQETQYF	TRBV27*01	TRBJ2-5*01	TRB
CASSLSQPGLAGGTGELFF	TRBV27*01	TRBJ2-2*01	TRB
CASRLTGGRGAKNIQYF	TRBV27*01	TRBJ2-4*01	TRB
CASRAARGIWNTEAFF	TRBV6-7*01	TRBJ1-1*01	TRB
CASSSH*REDNEQFF	TRBV6-7*01	TRBJ2-1*01	TRB
CASTRTSGPHEQFF	TRBV6-7*01	TRBJ2-1*01	TRB
CASSHRDTQGTQYF	TRBV5-6*01	TRBJ2-5*01	TRB
CASSWGAKTETQYF	TRBV5-6*01	TRBJ2-5*01	TRB
CASSFRGYTDTQYF	TRBV5-6*01	TRBJ2-3*01	TRB
CASSLGNGPETQYF	TRBV5-6*01	TRBJ2-5*01	TRB
CASSFPELAYEQYF	TRBV5-6*01	TRBJ2-7*01	TRB
CASSLWASGRAGDTQYF	TRBV5-6*01	TRBJ2-3*01	TRB
CASSLFGGAGEKLFF	TRBV5-6*01	TRBJ1-4*01	TRB
CASSFRSSGGNEQFF	TRBV5-6*01	TRBJ2-1*01	TRB
CASASRSTDTQYF	TRBV5-6*01	TRBJ2-3*01	TRB
CASSLDKGYEQYF	TRBV7-7*01	TRBJ2-7*01	TRB
CASSSGQANEQFF	TRBV7-7*01	TRBJ2-1*01	TRB
CASSLGGQNEQFF	TRBV7-7*01	TRBJ2-1*01	TRB
CASSGRWTGANTGELFF	TRBV7-7*01	TRBJ2-2*01	TRB
CASSLSGSSGELFF	TRBV7-7*01	TRBJ2-2*01	TRB
CASRTGGRYTEAFF	TRBV7-7*01	TRBJ1-1*01	TRB
CASSYMRGRP*DTEAFF	TRBV6-7*01	TRBJ1-1*01	TRB
CASSFSRIQETQYF	TRBV6-7*01	TRBJ2-5*01	TRB
CASINGQGANEQFF	TRBV6-7*01	TRBJ2-1*01	TRB
CASS*SHRVGYEQYF	TRBV6-7*01	TRBJ2-7*01	TRB
CASS*GIEGDQYF	TRBV6-7*01	TRBJ2-7*01	TRB
CASSYSTVGEHEQYF	TRBV6-7*01	TRBJ2-7*01	TRB
CASSSRGNQPQHF	TRBV6-7*01	TRBJ1-5*01	TRB
CASSSHAKGQKSNEQFF	TRBV27*01	TRBJ2-1*01	TRB
CASSLGMGLAAYNEQFF	TRBV27*01	TRBJ2-1*01	TRB
CASKFGSTETQYF	TRBV27*01	TRBJ2-5*01	TRB
CASRGQLTDTQYF	TRBV27*01	TRBJ2-3*01	TRB
CASSPRVSDTQYF	TRBV27*01	TRBJ2-3*01	TRB
CASSSLRQETQYF	TRBV27*01	TRBJ2-5*01	TRB
CASSLTRESGYTF	TRBV27*01	TRBJ1-2*01	TRB
CASSFTGPYEQYF	TRBV27*01	TRBJ2-7*01	TRB
CASSLVGMHE*YF	TRBV27*01	TRBJ2-7*01	TRB
CASGRLESGELFF	TRBV27*01	TRBJ2-2*01	TRB
CASSLKPTDTQYF	TRBV7-7*01	TRBJ2-3*01	TRB
CASSLGTKADTQYF	TRBV7-7*01	TRBJ2-3*01	TRB
CASARGINTGELFF	TRBV7-7*01	TRBJ2-2*01	TRB
CASSPYGQGDTEAFF	TRBV7-7*01	TRBJ1-1*01	TRB
CASSPVDMNTEAFF	TRBV7-7*01	TRBJ1-1*01	TRB
CASSPGLAGVYEQYF	TRBV7-7*01	TRBJ2-7*01	TRB
CASSLGD*RDPLIEQFF	TRBV7-7*01	TRBJ2-1*01	TRB
CASSLVGGTNTGELFF	TRBV7-7*01	TRBJ2-2*01	TRB
CANHLRTDPAIADQPQHF	TRBV5-6*01	TRBJ1-5*01	TRB
CASSPEGGEWSYNEQFF	TRBV5-6*01	TRBJ2-1*01	TRB
CASSLGVSSGNTIYF	TRBV5-6*01	TRBJ1-3*01	TRB
CASGKRAGTDTQYF	TRBV5-6*01	TRBJ2-3*01	TRB
CASRGRGRRMTDTQYF	TRBV5-6*01	TRBJ2-3*01	TRB
CASRLGRLNTEAFF	TRBV5-6*01	TRBJ1-1*01	TRB
CASSVTSGYPYEQYF	TRBV5-6*01	TRBJ2-7*01	TRB
CASSLSNRGGYTF	TRBV5-6*01	TRBJ1-2*01	TRB
CASSYLNGPVNGDTQYF	TRBV6-7*01	TRBJ2-3*01	TRB
CASSYKHRGTDTQYF	TRBV6-9*01	TRBJ2-3*01	TRB
CASTRTGSSYEQYF	TRBV6-9*01	TRBJ2-7*01	TRB
CASSRKIDSF*PSDTQYF	TRBV6-9*01	TRBJ2-3*01	TRB
CASSYRKPQHF	TRBV6-9*01	TRBJ1-5*01	TRB
CASTPGGGLSSYNEQFF	TRBV6-9*01	TRBJ2-1*01	TRB
CASRQRDSYEQYF	TRBV6-9*01	TRBJ2-7*01	TRB
CASSLGLQDEQYF	TRBV7-7*01	TRBJ2-7*01	TRB
CASSRDGTGRYETQYF	TRBV7-7*01	TRBJ2-5*01	TRB
CASSLGLAGGDEQFF	TRBV7-7*01	TRBJ2-1*01	TRB
CASSLAPGGGRETQYF	TRBV7-7*01	TRBJ2-5*01	TRB
CASSRNPQETQYF	TRBV7-7*01	TRBJ2-5*01	TRB
CASSPRLAGVGKNIQYF	TRBV27*01	TRBJ2-4*01	TRB
CASSLYPVAGGSSNQPQHF	TRBV27*01	TRBJ1-5*01	TRB
CASSLFGVGNGYTF	TRBV27*01	TRBJ1-2*01	TRB
CATKAHGLDTDTQYF	TRBV27*01	TRBJ2-3*01	TRB
CASRPKIRVTYEQYF	TRBV27*01	TRBJ2-7*01	TRB
CASSLGLANTGELFF	TRBV27*01	TRBJ2-2*01	TRB
CASSPLLAGDNEQFF	TRBV5-6*01	TRBJ2-1*01	TRB
CASSSYSGANVLTF	TRBV5-6*01	TRBJ2-6*01	TRB
CASSLGQGRNEKLFF	TRBV5-6*01	TRBJ1-4*01	TRB
CASSLLGGEDQPQHF	TRBV5-6*01	TRBJ1-5*01	TRB
CASSLSGLPPNEQYF	TRBV5-6*01	TRBJ2-7*01	TRB
CASSFRGRGIGELFF	TRBV5-6*01	TRBJ2-2*01	TRB
CASSFGGGETQYF	TRBV5-6*01	TRBJ2-5*01	TRB
CASPRIWGPKNIQYF	TRBV6-9*01	TRBJ2-4*01	TRB
CASRNSYEQYF	TRBV6-9*01	TRBJ2-7*01	TRB
CASRHSGTRWNEQFF	TRBV6-9*01	TRBJ2-1*01	TRB
CAPTGLPLDEQYF	TRBV6-9*01	TRBJ2-7*01	TRB
CANSPSNQPQHF	TRBV6-9*01	TRBJ1-5*01	TRB
CASKARNRKKGWFF	TRBV6-9*01	TRBJ2-1*01	TRB
CASSN*REGRKNEQFF	TRBV7-7*01	TRBJ2-1*01	TRB
CASSFGYQETQYF	TRBV7-7*01	TRBJ2-5*01	TRB
CASSLDIKAVTNTEAFF	TRBV7-7*01	TRBJ1-1*01	TRB
CASSPGGSVYEQYF	TRBV7-7*01	TRBJ2-7*01	TRB
CASSPQGRERHETQYF	TRBV7-7*01	TRBJ2-5*01	TRB
CASSPPGGRYVGYTF	TRBV7-7*01	TRBJ1-2*01	TRB
CASSMGLAGGLDTQYF	TRBV7-7*01	TRBJ2-3*01	TRB
CASSSGTGGYEQYF	TRBV7-7*01	TRBJ2-7*01	TRB
CASSYSPTGYNEQFF	TRBV27*01	TRBJ2-1*01	TRB
CARRRISNQPQHF	TRBV27*01	TRBJ1-5*01	TRB
CASRVGSPYEQYF	TRBV27*01	TRBJ2-7*01	TRB
CASGTPLGYGYTF	TRBV27*01	TRBJ1-2*01	TRB
CARPEGAYNEQFF	TRBV27*01	TRBJ2-1*01	TRB
CASAGTISYEQYF	TRBV27*01	TRBJ2-7*01	TRB
CASSPSGGPYEQYF	TRBV27*01	TRBJ2-7*01	TRB
CASSPDGRGETQYF	TRBV27*01	TRBJ2-5*01	TRB
CASSPWTSWETQYF	TRBV27*01	TRBJ2-5*01	TRB
CASSWGGDLGEQYF	TRBV27*01	TRBJ2-7*01	TRB
CASSLRAGGNEQYF	TRBV27*01	TRBJ2-7*01	TRB
CASSPRWGAPEQYF	TRBV5-6*01	TRBJ2-7*01	TRB
CASSLDGRPGQPNTEAFF	TRBV5-6*01	TRBJ1-1*01	TRB
CASSLAGTGGNEQFF	TRBV5-6*01	TRBJ2-1*01	TRB
CASSLAGTDTQYF	TRBV5-6*01	TRBJ2-3*01	TRB
CASSLAGNNEQFF	TRBV5-6*01	TRBJ2-1*01	TRB
CASSLMTGPETQYF	TRBV5-6*01	TRBJ2-5*01	TRB
CASSLVGGPSYEQYF	TRBV5-6*01	TRBJ2-7*01	TRB
CASSLPRLSRYEQYF	TRBV5-6*01	TRBJ2-7*01	TRB
CASSSPE*RRTYEQYF	TRBV7-7*01	TRBJ2-7*01	TRB
CASSPYRVETQYF	TRBV7-7*01	TRBJ2-5*01	TRB
CASSQGQKRQETQYF	TRBV7-7*01	TRBJ2-5*01	TRB
CASRTGGGTYQETQYF	TRBV7-7*01	TRBJ2-5*01	TRB
CASSPGLAVHNEQFF	TRBV7-7*01	TRBJ2-1*01	TRB
CASSLASSSYEQYF	TRBV7-7*01	TRBJ2-7*01	TRB
CASSEAETQYF	TRBV7-7*01	TRBJ2-5*01	TRB
CASSRGG*AREKLFF	TRBV7-7*01	TRBJ1-4*01	TRB
CASSLPGREETQYF	TRBV7-7*01	TRBJ2-5*01	TRB
CASSSSLGGSPQPQHF	TRBV6-9*01	TRBJ1-5*01	TRB
CASTETQYF	TRBV6-9*01	TRBJ2-5*01	TRB
CASS*D*RAYEQYF	TRBV6-9*01	TRBJ2-7*01	TRB
CASSPGLTRYNEQFF	TRBV7-7*01	TRBJ2-1*01	TRB
CASSLAGLGSQTQYF	TRBV7-7*01	TRBJ2-5*01	TRB
CASSFGVSSYNEQFF	TRBV7-7*01	TRBJ2-1*01	TRB
CASSPLWPLRDRESGELFF	TRBV7-7*01	TRBJ2-2*01	TRB
CASSRDSTDTQYF	TRBV7-7*01	TRBJ2-3*01	TRB
CASSGQGDRETQYF	TRBV7-7*01	TRBJ2-5*01	TRB
CASSLGTYSTDTQYF	TRBV7-7*01	TRBJ2-3*01	TRB
CASSPPFGSGANVLTF	TRBV7-7*01	TRBJ2-6*01	TRB
CASSLERRVDEQYF	TRBV7-7*01	TRBJ2-7*01	TRB
CASSLGGSTSTDTQYF	TRBV7-7*01	TRBJ2-3*01	TRB
CASSPQYQETQYF	TRBV5-6*01	TRBJ2-5*01	TRB
CASSLAGNGETQYF	TRBV5-6*01	TRBJ2-5*01	TRB
CASSPGWDNAEAFF	TRBV5-6*01	TRBJ1-1*01	TRB
CASSETGGVFATNEKLFF	TRBV5-6*01	TRBJ1-4*01	TRB
CASSITHLAANTGELFF	TRBV5-6*01	TRBJ2-2*01	TRB
CASSWEQGDRETQYF	TRBV5-6*01	TRBJ2-7*01	TRB
CASSLPTFRANEQFF	TRBV5-6*01	TRBJ2-1*01	TRB
CASSRAETQYF	TRBV5-6*01	TRBJ2-5*01	TRB
CASCGRTAQETQYF	TRBV5-6*01	TRBJ2-5*01	TRB
CASSLGSKRAGELFF	TRBV5-6*01	TRBJ2-2*01	TRB
CASSYPRD*RLLTDTQYF	TRBV6-9*01	TRBJ2-3*01	TRB
CASSYPAGEAQAGETQYF	TRBV6-9*01	TRBJ2-5*01	TRB
CASSGPFGYTF	TRBV6-9*01	TRBJ1-2*01	TRB
CASSPQGNKAKNIQYF	TRBV6-9*01	TRBJ2-4*01	TRB
CASSPGGPGPQHF	TRBV27*01	TRBJ1-5*01	TRB
CASSFEGADGYTF	TRBV27*01	TRBJ1-2*01	TRB
CARDLRRGYEQYF	TRBV27*01	TRBJ2-7*01	TRB
CAIGVSGRKTQYF	TRBV27*01	TRBJ2-5*01	TRB
CASSL*RDSSRSSYNEQFF	TRBV27*01	TRBJ2-1*01	TRB
CASSPNGLMGKTDTQYF	TRBV27*01	TRBJ2-3*01	TRB
CASSAELAGGGHNEQFF	TRBV27*01	TRBJ2-1*01	TRB
CASSLSSQVSGANVLTF	TRBV27*01	TRBJ2-6*01	TRB
CASSFLGLAGGTHEQFF	TRBV27*01	TRBJ2-1*01	TRB
YSSPIVLGKTYGYTF	TRBV17*01	TRBJ1-2*01	TRB
CASNLPGSYEQYF	"TRBV6-6*02, or TRBV6-6*01"	TRBJ2-7*01	TRB
CASSPARTGGEKHF	"TRBV6-6*02, or TRBV6-6*01"	TRBJ1-5*01	TRB
CASSGLGGGYEQYF	"TRBV6-6*02, or TRBV6-6*01"	TRBJ2-7*01	TRB
CASSYSKGRYEQYF	"TRBV6-6*02, or TRBV6-6*01"	TRBJ2-7*01	TRB
CASSSPGTSDYEQYF	"TRBV6-6*02, or TRBV6-6*01"	TRBJ2-7*01	TRB
CASSSDRGVTQPQHF	"TRBV6-6*02, or TRBV6-6*01"	TRBJ1-5*01	TRB
CASSPGQRPEDEQYF	TRBV7-7*01	TRBJ2-7*01	TRB
CASSATSGRLIGETQYF	TRBV7-7*01	TRBJ2-5*01	TRB
CASSLVPGQGGNEQFF	TRBV7-7*01	TRBJ2-1*01	TRB
CASSLEAGLYNEQFF	TRBV7-7*01	TRBJ2-1*01	TRB
CASSLGRDTEAFF	TRBV7-7*01	TRBJ1-1*01	TRB
CASSLGRAYEQYF	TRBV7-7*01	TRBJ2-7*01	TRB
CASSTTPIGGELFF	TRBV7-7*01	TRBJ2-2*01	TRB
CASSPGQGSSYEQYF	TRBV6-9*01	TRBJ2-7*01	TRB
CASSYSAGTGTGYGTDTQYF	TRBV6-9*01	TRBJ2-3*01	TRB
CATP*AQTFPDTQYF	TRBV6-9*01	TRBJ2-3*01	TRB
CASSPPRETYEQYF	TRBV6-9*01	TRBJ2-7*01	TRB
CASTLRRGPHYEQYF	TRBV6-9*01	TRBJ2-7*01	TRB
CASRLTGPTNEKLFF	TRBV6-9*01	TRBJ1-4*01	TRB
CASSNGLPREEQYF	TRBV6-9*01	TRBJ2-7*01	TRB
CASSFRVAASDTQYF	TRBV5-6*01	TRBJ2-3*01	TRB
CASSLSSYNEQFF	TRBV5-6*01	TRBJ2-1*01	TRB
CASRLAGGRDEQFF	TRBV5-6*01	TRBJ2-1*01	TRB
CASSPDRGFGTQYF	TRBV5-6*01	TRBJ2-5*01	TRB
CASSLAGTQETQYF	TRBV5-6*01	TRBJ2-5*01	TRB
CASSRRVRQATEAFF	TRBV5-6*01	TRBJ1-1*01	TRB
CASSLVLGNYGYTF	TRBV5-6*01	TRBJ1-2*01	TRB
CASSSGTSGFGTDTQYF	TRBV27*01	TRBJ2-3*01	TRB
CASSLKGIAGETYEQYF	TRBV27*01	TRBJ2-7*01	TRB
CASSLVWTSGLPYEQYF	TRBV27*01	TRBJ2-7*01	TRB
CASTLMGHRRTR*ETQYF	TRBV27*01	TRBJ2-5*01	TRB
CASSKTEPGTGKNQPQHF	TRBV27*01	TRBJ1-5*01	TRB
CASSRQGASSNQPQHF	"TRBV6-6*02, or TRBV6-6*01"	TRBJ1-5*01	TRB
CASSLQGVGGYTF	"TRBV6-6*02, or TRBV6-6*01"	TRBJ1-2*01	TRB
CASSYTSIDTQYF	"TRBV6-6*02, or TRBV6-6*01"	TRBJ2-3*01	TRB
CVSGRDSYEQYF	"TRBV6-6*02, or TRBV6-6*01"	TRBJ2-5*01	TRB
CASTDYGGNTEAFF	"TRBV6-6*02, or TRBV6-6*01"	TRBJ1-1*01	TRB
CASSYRDGYTF	"TRBV6-6*02, or TRBV6-6*01"	TRBJ1-2*01	TRB
CASSSQGVSNQPQHF	"TRBV6-6*02, or TRBV6-6*01"	TRBJ1-5*01	TRB
CASSYSSYEQYF	"TRBV6-6*02, or TRBV6-6*01"	TRBJ2-7*01	TRB
CATTPGTANTEAFF	"TRBV6-6*02, or TRBV6-6*01"	TRBJ1-1*01	TRB
CASSNTQGAYEQYF	"TRBV6-6*02, or TRBV6-6*01"	TRBJ2-5*01	TRB
CASSYSAVQETQYF	"TRBV6-6*02, or TRBV6-6*01"	TRBJ2-5*01	TRB
CASSYSGFEITEAFF	"TRBV6-6*02, or TRBV6-6*01"	TRBJ1-1*01	TRB
CASSYPGRGSG*SEKLFF	TRBV6-9*01	TRBJ1-4*01	TRB
CASS*G*RGGNEQFF	TRBV6-9*01	TRBJ2-1*01	TRB
CACFVRLYSNQPQHF	TRBV6-9*01	TRBJ1-5*01	TRB
CASSFRHRRLSYEQYF	TRBV6-9*01	TRBJ2-7*01	TRB
CASSFDLFAEDRGPQETQYF	TRBV6-9*01	TRBJ2-5*01	TRB
CASSLVRLAGSLLLYEQYF	TRBV6-9*01	TRBJ2-7*01	TRB
CASSLAREGQGPHCSNQPQHF	TRBV7-7*01	TRBJ1-5*01	TRB
CASSPRTGLNEQFF	TRBV7-7*01	TRBJ2-1*01	TRB
CASSLGNDGGTQYF	TRBV7-7*01	TRBJ2-5*01	TRB
CALGRGTGELFF	TRBV7-7*01	TRBJ2-2*01	TRB
CASSPGGTGMAQYF	TRBV7-7*01	TRBJ2-5*01	TRB
CASSLWEGGGEQFF	TRBV7-7*01	TRBJ2-1*01	TRB
CASSPTSSVNTGELFF	TRBV7-7*01	TRBJ2-2*01	TRB
CASSQREGYEQYF	TRBV7-7*01	TRBJ2-7*01	TRB
CASSLWRAQSYEQYF	TRBV7-7*01	TRBJ2-7*01	TRB
CASSTTGSTEAFF	"TRBV6-6*02, or TRBV6-6*01"	TRBJ1-1*01	TRB
CASSSSGFYEQYF	"TRBV6-6*02, or TRBV6-6*01"	TRBJ2-7*01	TRB
CASSPSADTQYF	"TRBV6-6*02, or TRBV6-6*01"	TRBJ2-3*01	TRB
CASSYSTGSSPLHF	"TRBV6-6*02, or TRBV6-6*01"	TRBJ1-6*01	TRB
CASSYSGQGRGEQYF	"TRBV6-6*02, or TRBV6-6*01"	TRBJ2-7*01	TRB
CASSYSGAAGQPQHF	"TRBV6-6*02, or TRBV6-6*01"	TRBJ1-5*01	TRB
CASRRGGGSGQETQYF	"TRBV6-6*02, or TRBV6-6*01"	TRBJ2-5*01	TRB
CASRTKETQYF	"TRBV6-6*02, or TRBV6-6*01"	TRBJ2-5*01	TRB
CASSYSSQVKF	"TRBV6-6*02, or TRBV6-6*01"	"TRBJ2-5, or TRBJ2-1"	TRB
CASRQGNSPLHF	"TRBV6-6*02, or TRBV6-6*01"	TRBJ1-6*01	TRB
CASSGQHSNQPQHF	"TRBV6-6*02, or TRBV6-6*01"	TRBJ1-5*01	TRB
CASSYGDTQYC	"TRBV6-6*02, or TRBV6-6*01"	TRBJ2-3*01	TRB
CARSMTSGDSYEQYF	TRBV7-5*01	TRBJ2-7*01	TRB
CARSSDRRNTEAFF	TRBV7-5*01	TRBJ1-1*01	TRB
CARSDLTRIIVDETQYF	TRBV7-5*01	TRBJ2-5*01	TRB
CASSRDRGLGSGNTIYF	TRBV5-6*01	TRBJ1-3*01	TRB
CASSRTGRNTEAFF	TRBV5-6*01	TRBJ1-1*01	TRB
CASSHVYSGNTIYF	TRBV5-6*01	TRBJ1-3*01	TRB
CASSFNLGNYGYTF	TRBV5-6*01	TRBJ1-2*01	TRB
CASSLGQGTDTQYF	TRBV5-6*01	TRBJ2-3*01	TRB
CASSLGGANEKLFF	TRBV5-6*01	TRBJ1-4*01	TRB
CASSSYQGTSYEQYF	TRBV5-6*01	TRBJ2-7*01	TRB
CASSWGDGFTDTQYF	TRBV5-6*01	TRBJ2-3*01	TRB
CASSLVGRDEAFF	TRBV5-6*01	TRBJ1-1*01	TRB
CASSLSPSGGPQGETQYF	TRBV27*01	TRBJ2-5*01	TRB
CATSGNRGETQYF	TRBV27*01	TRBJ2-5*01	TRB
CASSKDGSYEQYF	TRBV27*01	TRBJ2-7*01	TRB
CASSSTGQGEAFF	TRBV27*01	TRBJ1-1*01	TRB
CASSSQTSGLNTGELFF	TRBV27*01	TRBJ2-2*01	TRB
CATSRGYGYTF	TRBV27*01	TRBJ1-2*01	TRB
CASGRGSYGYTF	TRBV27*01	TRBJ1-2*01	TRB
CASTSGTSTNEQFF	TRBV27*01	TRBJ2-1*01	TRB
CASSRTGVLYEQYF	TRBV27*01	TRBJ2-7*01	TRB
CASSLAPGLAPTDTQYF	TRBV7-7*01	TRBJ2-3*01	TRB
CASSWGLAGMNEQFF	TRBV7-7*01	TRBJ2-1*01	TRB
CASSRDRGAEQYF	TRBV7-7*01	TRBJ2-7*01	TRB
CASSLDRVSGTQYF	TRBV7-7*01	TRBJ2-5*01	TRB
CASSLDAASTDTQYF	TRBV7-7*01	TRBJ2-3*01	TRB
CASSLLAGGLETQYF	TRBV7-7*01	TRBJ2-5*01	TRB
CASSKSLSRDRGNEQFF	TRBV7-6*01	TRBJ2-1*01	TRB
CASSLDRGYEQYF	TRBV7-6*01	TRBJ2-7*01	TRB
CASSFTGGGDEQYF	TRBV7-6*01	TRBJ2-5*01	TRB
CASSQGLAGNSYNEQFF	TRBV7-6*01	TRBJ2-1*01	TRB
CASSSPTRTGRADGYTF	TRBV7-6*01	TRBJ1-2*01	TRB
CASSLGARGSGTDTQYF	TRBV7-6*01	TRBJ2-3*01	TRB
CASSPDLNYGYTF	TRBV7-6*01	TRBJ1-2*01	TRB
CASSLDPGDTQYF	TRBV7-6*01	TRBJ2-3*01	TRB
CASSLGTLETQYF	TRBV7-6*01	TRBJ2-5*01	TRB
CASSFGTSGRATDTQYF	TRBV7-6*01	TRBJ2-3*01	TRB
CARSRTSSSYEQYF	TRBV7-5*01	TRBJ2-7*01	TRB
CASRAEAYEQYF	"TRBV6-6*02, or TRBV6-6*01"	TRBJ2-7*01	TRB
CASSYSRGPGYF	"TRBV6-6*02, or TRBV6-6*01"	TRBJ2-5*01	TRB
CASSKPGLKGEQYF	"TRBV6-6*02, or TRBV6-6*01"	TRBJ2-5*01	TRB
CAGQGASGETQYF	"TRBV6-6*02, or TRBV6-6*01"	TRBJ2-5*01	TRB
CASMRNTDTQYF	"TRBV6-6*02, or TRBV6-6*01"	TRBJ2-3*01	TRB
CASSPNGAPYEQYF	"TRBV6-6*02, or TRBV6-6*01"	TRBJ2-7*01	TRB
CASSRLAGPYEQYF	"TRBV6-6*02, or TRBV6-6*01"	TRBJ2-5*01	TRB
CASSGRSYEQYF	"TRBV6-6*02, or TRBV6-6*01"	TRBJ2-7*01	TRB
CASSLIAEAFF	"TRBV6-6*02, or TRBV6-6*01"	TRBJ1-1*01	TRB
CASVSGRTGDEQYF	"TRBV6-6*02, or TRBV6-6*01"	TRBJ2-5*01	TRB
CASSYSAGVNTEAFF	"TRBV6-6*02, or TRBV6-6*01"	TRBJ1-1*01	TRB
CASSPRPQETQYF	TRBV7-7*01	TRBJ2-5*01	TRB
CASSRGLADYNEQFF	TRBV7-7*01	TRBJ2-1*01	TRB
CASSLAPGTTAGANVLTF	TRBV7-7*01	TRBJ2-6*01	TRB
CASSLRSSTYNEQFF	TRBV7-7*01	TRBJ2-1*01	TRB
CASRRGFGAQETQYF	TRBV7-7*01	TRBJ2-5*01	TRB
CAKRSAAQNTEAFF	TRBV7-7*01	TRBJ1-1*01	TRB
CASSPHSAPYEQYF	TRBV7-7*01	TRBJ2-7*01	TRB
CASSGTGTGVSRFSTDTQYF	TRBV7-7*01	TRBJ2-3*01	TRB
CASSLAQGAVEHF	TRBV7-7*01	TRBJ1-5*01	TRB
CASSFGPDTEAFF	TRBV7-7*01	TRBJ1-1*01	TRB
CASSLNAGGGPQETQYF	TRBV7-6*01	TRBJ2-5*01	TRB
CASSLLVNTEAFF	TRBV7-6*01	TRBJ1-1*01	TRB
CASSLLQPTDTQYF	TRBV7-6*01	TRBJ2-3*01	TRB
CASSLAPPSGRIYEQYF	TRBV7-6*01	TRBJ2-7*01	TRB
CASSLGVAGRGRETQYF	TRBV7-6*01	TRBJ2-5*01	TRB
CASSGFSSGRAANEQFF	TRBV7-6*01	TRBJ2-1*01	TRB
CASSSGTSREQYF	TRBV7-6*01	TRBJ2-7*01	TRB
CASSPTGAGETQYF	TRBV7-6*01	TRBJ2-5*01	TRB
CASSTLAGGETQYF	TRBV7-6*01	TRBJ2-5*01	TRB
CASSPIDRGQPQHF	TRBV7-6*01	TRBJ1-5*01	TRB
CASSLTSGLNEQFF	TRBV7-6*01	TRBJ2-1*01	TRB
CASSLLAGAGELFF	TRBV7-6*01	TRBJ2-2*01	TRB
CASSLAVYADTQYF	TRBV5-6*01	TRBJ2-3*01	TRB
CASSLERLAVYEQYF	TRBV5-6*01	TRBJ2-7*01	TRB
CASSLTRYNEQFF	TRBV5-6*01	TRBJ2-1*01	TRB
CASSWADTQYF	TRBV5-6*01	TRBJ2-3*01	TRB
CASSLAQIGSYNEQFF	TRBV5-6*01	TRBJ2-1*01	TRB
CASSPGGFQGVGAAGELFF	TRBV5-6*01	TRBJ2-2*01	TRB
CASSLGETAYTDTQYF	TRBV5-6*01	TRBJ2-3*01	TRB
CASSLWGALTGELFF	TRBV5-6*01	TRBJ2-2*01	TRB
CASRPLEFQETQYF	TRBV27*01	TRBJ2-5*01	TRB
CASSSPYRGGEQYF	TRBV27*01	TRBJ2-7*01	TRB
CASSRQSHYGYTF	TRBV27*01	TRBJ1-2*01	TRB
CASSYGAGGPQHF	TRBV27*01	TRBJ1-5*01	TRB
CASSSRNTGELFF	TRBV27*01	TRBJ2-2*01	TRB
CASSSPPGRGYTF	TRBV27*01	TRBJ1-2*01	TRB
CASGPITNGD*REDGRHEQYF	TRBV27*01	TRBJ2-7*01	TRB
CASSWDSRQPQHF	TRBV27*01	TRBJ1-5*01	TRB
CASSLSPYYEQYF	TRBV27*01	TRBJ2-7*01	TRB
CASSLRS*RDDNSPLHF	TRBV27*01	TRBJ1-6*01	TRB
CARTTSTDTQYF	TRBV7-5*01	TRBJ2-3*01	TRB
CARSPTPRMNTEAFF	TRBV7-5*01	TRBJ1-1*01	TRB
CARSLEGAGGRTNEKLFF	TRBV7-5*01	TRBJ1-4*01	TRB
CARSLFPGGSWQPQHF	TRBV7-5*01	TRBJ1-5*01	TRB
CARSFGGSYEQYF	TRBV7-5*01	TRBJ2-7*01	TRB
CARSPQSFGLAGGMLRTDTQYF	TRBV7-5*01	TRBJ2-3*01	TRB
WGVGQGSNQPQHF	"TRBV7-5*01, or TRBV7-5*02"	TRBJ1-5*01	TRB
CAILRRDSMLDGYTF	"TRBV6-6*02, or TRBV6-6*01"	TRBJ1-2*01	TRB
CASSYRVTDTQYF	"TRBV6-6*02, or TRBV6-6*01"	TRBJ2-3*01	TRB
CASQGQIHTEAFF	"TRBV6-6*02, or TRBV6-6*01"	TRBJ1-1*01	TRB
CASSRTRDEQYF	"TRBV6-6*02, or TRBV6-6*01"	TRBJ2-7*01	TRB
CASRQDRGNQPQHF	"TRBV6-6*02, or TRBV6-6*01"	TRBJ1-5*01	TRB
CASSRTDKVTEAFF	"TRBV6-6*02, or TRBV6-6*01"	TRBJ1-1*01	TRB
CASSYSSRTYEQYF	"TRBV6-6*02, or TRBV6-6*01"	TRBJ2-7*01	TRB
CASSYTGWTDTQYF	"TRBV6-6*02, or TRBV6-6*01"	TRBJ2-3*01	TRB
CASKQGLADSYEQYF	"TRBV6-6*02, or TRBV6-6*01"	TRBJ2-7*01	TRB
CASSYPVAGATEAFF	"TRBV6-6*02, or TRBV6-6*01"	TRBJ1-1*01	TRB
CASSYGGTRGYTF	"TRBV6-6*02, or TRBV6-6*01"	TRBJ1-2*01	TRB
CASSLGDSTEAFF	"TRBV6-6*02, or TRBV6-6*01"	TRBJ1-1*01	TRB
CASSPGLTDTQYF	TRBV7-6*01	TRBJ2-3*01	TRB
CASSSSRVGTQYF	TRBV7-6*01	TRBJ2-5*01	TRB
CASRLEETQYF	TRBV7-6*01	TRBJ2-5*01	TRB
CASSLRSGRGEQYF	TRBV7-6*01	TRBJ2-7*01	TRB
CASTRTAQGETQYF	TRBV7-6*01	TRBJ2-5*01	TRB
CASSLAPLQETQYF	TRBV7-6*01	TRBJ2-5*01	TRB
CASSLGGGAGAQYF	TRBV7-6*01	TRBJ2-5*01	TRB
CASGKTGRQTQYF	TRBV7-6*01	TRBJ2-5*01	TRB
CASSPSGAVGEQFF	TRBV7-6*01	TRBJ2-1*01	TRB
CASSLYRDSEQFF	TRBV7-6*01	TRBJ2-1*01	TRB
CASSSGTSGSNEQFF	TRBV7-7*01	TRBJ2-1*01	TRB
CASSLTRSENTGELFF	TRBV7-7*01	TRBJ2-2*01	TRB
CASSLAPGRQETQYF	TRBV7-7*01	TRBJ2-5*01	TRB
CASSLGETQYF	TRBV7-7*01	TRBJ2-5*01	TRB
CASSTWGNQETQYF	TRBV7-7*01	TRBJ2-5*01	TRB
CASSKGLAGGNEQFF	TRBV7-7*01	TRBJ2-1*01	TRB
CASSLGTQETQYF	TRBV7-7*01	TRBJ2-5*01	TRB
CASSLAVAYEQYF	TRBV7-7*01	TRBJ2-7*01	TRB
CASSWTGGRETQYF	TRBV5-6*01	TRBJ2-5*01	TRB
CASNPGQGGYEQYF	TRBV5-6*01	TRBJ2-5*01	TRB
CASTTGLVTDTQYF	TRBV5-6*01	TRBJ2-3*01	TRB
CASSRGQGIYEQYF	TRBV5-6*01	TRBJ2-5*01	TRB
CASSLAGRPNEQFF	TRBV5-6*01	TRBJ2-1*01	TRB
CASSLGLDTDTQYF	TRBV5-6*01	TRBJ2-3*01	TRB
CASSLVGQKETQYF	TRBV5-6*01	TRBJ2-5*01	TRB
CASSHGLSGNTIYF	TRBV5-6*01	TRBJ1-3*01	TRB
CASSLRGGVGSGNTIYF	TRBV5-6*01	TRBJ1-3*01	TRB
CASSAGGYEQYF	"TRBV6-6*02, or TRBV6-6*01"	TRBJ2-7*01	TRB
CATYWRAGNYEQYF	"TRBV6-6*02, or TRBV6-6*01"	TRBJ2-7*01	TRB
CASTLTGGPDTQYF	"TRBV6-6*02, or TRBV6-6*01"	TRBJ2-3*01	TRB
CASSPSGGTDTRYF	"TRBV6-6*02, or TRBV6-6*01"	TRBJ2-3*01	TRB
CASSRASSAGEQYF	"TRBV6-6*02, or TRBV6-6*01"	TRBJ2-7*01	TRB
CASIPRGGNTEAFF	"TRBV6-6*02, or TRBV6-6*01"	TRBJ1-1*01	TRB
CASSRGQGVYGYTF	"TRBV6-6*02, or TRBV6-6*01"	TRBJ1-2*01	TRB
CASRGNRGGLYEQYF	"TRBV6-6*02, or TRBV6-6*01"	TRBJ2-7*01	TRB
RASRKEFQETQYF	"TRBV6-6*02, or TRBV6-6*01"	TRBJ2-5*01	TRB
CASSYSGVQETQYF	"TRBV6-6*02, or TRBV6-6*01"	TRBJ2-5*01	TRB
CASSLGTGGTDTQYF	"TRBV6-6*02, or TRBV6-6*01"	TRBJ2-3*01	TRB
CARKN*RSSYEQYF	TRBV7-5*01	TRBJ2-7*01	TRB
CARSLEARGIQYF	TRBV7-5*01	TRBJ2-4*01	TRB
CARSLEGP*REWGEQYF	TRBV7-5*01	TRBJ2-7*01	TRB
CARSLDAGQTYEQYF	TRBV7-5*01	TRBJ2-7*01	TRB
CASSLSPRVTFSYEQYF	TRBV27*01	TRBJ2-7*01	TRB
CASSPRTSGRAPNTGELFF	TRBV27*01	TRBJ2-2*01	TRB
CASSPRKSGSSYNEQFF	TRBV27*01	TRBJ2-1*01	TRB
CATHTSGGSNEQFF	TRBV27*01	TRBJ2-1*01	TRB
CASSLIQGYEQYF	TRBV7-6*01	TRBJ2-7*01	TRB
CASSLDETQYF	TRBV7-6*01	TRBJ2-5*01	TRB
CASSRTSGSYEQYF	TRBV7-6*01	TRBJ2-7*01	TRB
CASSLRGGWAYEQYF	TRBV7-6*01	TRBJ2-5*01	TRB
CASSLSGLKQETQYF	TRBV7-6*01	TRBJ2-5*01	TRB
CASSLAGGPPETQYF	TRBV7-6*01	TRBJ2-5*01	TRB
CASSHPRGD*RDSYNEQFF	TRBV7-6*01	TRBJ2-1*01	TRB
CASSGRGSRGTYEQYF	TRBV7-6*01	TRBJ2-7*01	TRB
CASSPGQGSGEQYF	TRBV7-6*01	TRBJ2-7*01	TRB
CASSRWGVGEETQYF	TRBV7-6*01	TRBJ2-5*01	TRB
CASSLEAGGMNTQYF	TRBV7-6*01	TRBJ2-3*01	TRB
CASSYPTFSSVTTYEQYF	TRBV6-8*01	TRBJ2-7*01	TRB
CASSQSSRDTQYF	TRBV6-8*01	TRBJ2-3*01	TRB
CASSSGTGGEQYF	TRBV7-7*01	TRBJ2-7*01	TRB
CASSTTVQETQYF	TRBV7-7*01	TRBJ2-5*01	TRB
CASSRGGSGNEQFF	TRBV7-7*01	TRBJ2-1*01	TRB
CASSQNGGPGALYEQFF	TRBV7-7*01	TRBJ2-1*01	TRB
CASSLAGQKETQYF	TRBV7-7*01	TRBJ2-5*01	TRB
CASSLGGRGNEQFF	TRBV7-7*01	TRBJ2-1*01	TRB
CASRSGRASGETQYF	TRBV5-5*01	TRBJ2-5*01	TRB
CASSLVTGPGETQYF	TRBV5-5*01	TRBJ2-5*01	TRB
CASSLDNSGTQYF	TRBV5-5*01	TRBJ2-5*01	TRB
CASSNSFLGSYEQYF	TRBV5-5*01	TRBJ2-7*01	TRB
CASRHRDSESNYGYTF	TRBV5-5*01	TRBJ1-2*01	TRB
CASSFWASGSSYEQYF	TRBV5-5*01	TRBJ2-7*01	TRB
CASSLAILSYEQYF	TRBV5-5*01	TRBJ2-7*01	TRB
CASSTDRTPYGYTF	TRBV5-5*01	TRBJ1-2*01	TRB
CASSLRETQYF	TRBV5-5*01	TRBJ2-5*01	TRB
CASSLVAGGPQETQYF	TRBV5-5*01	TRBJ2-5*01	TRB
CASSTRQGTDTQYF	TRBV5-5*01	TRBJ2-3*01	TRB
CASSSQGAGANVLTF	TRBV5-5*01	TRBJ2-6*01	TRB
CASS*GGGPRETQYF	"TRBV6-6*02, or TRBV6-6*01"	TRBJ2-5*01	TRB
CASSQQGSAGGKTQYF	"TRBV6-6*02, or TRBV6-6*01"	TRBJ2-5*01	TRB
CASSYKEVGGYTF	"TRBV6-6*02, or TRBV6-6*01"	TRBJ1-2*01	TRB
CASSYSYEQYF	"TRBV6-6*02, or TRBV6-6*01"	TRBJ2-5*01	TRB
CASSYPQETQYF	"TRBV6-6*02, or TRBV6-6*01"	TRBJ2-5*01	TRB
CASILPARGGAAFF	"TRBV6-6*02, or TRBV6-6*01"	TRBJ1-1*01	TRB
CASRRRDKSIYGYTF	"TRBV6-6*02, or TRBV6-6*01"	TRBJ1-2*01	TRB
CASSSRGGGFTDTQYF	"TRBV6-6*02, or TRBV6-6*01"	TRBJ2-3*01	TRB
CASSYSTRGIQYF	"TRBV6-6*02, or TRBV6-6*01"	TRBJ2-4*01	TRB
CASRRGTGYNEQFF	"TRBV6-6*02, or TRBV6-6*01"	TRBJ2-1*01	TRB
CASTGGGWTEAFF	"TRBV6-6*02, or TRBV6-6*01"	TRBJ1-1*01	TRB
CASRTQGLEAQYF	"TRBV6-6*02, or TRBV6-6*01"	TRBJ2-5*01	TRB
CASSLRQGTTDTQYF	TRBV5-6*01	TRBJ2-3*01	TRB
CASSLKGKGEQYF	TRBV5-6*01	TRBJ2-7*01	TRB
CASSLTGGYEQYF	TRBV5-6*01	TRBJ2-7*01	TRB
CASSRGLAGGLDTQYF	TRBV5-6*01	TRBJ2-3*01	TRB
CASSLGQNYGYTF	TRBV5-6*01	TRBJ1-2*01	TRB
CASSSIAKLATGELFF	TRBV5-6*01	TRBJ2-2*01	TRB
CASSRLGLARNYEQYF	TRBV5-6*01	TRBJ2-7*01	TRB
CASSWGDRGAGANVLTF	TRBV5-6*01	TRBJ2-6*01	TRB
CASSLRTGAEQYF	TRBV5-6*01	TRBJ2-7*01	TRB
CASSLNAVSYNEQFF	TRBV7-6*01	TRBJ2-1*01	TRB
CASSPTGTGVWETQYF	TRBV7-6*01	TRBJ2-5*01	TRB
CASSLGVAGGTDTQYF	TRBV7-6*01	TRBJ2-3*01	TRB
CASSKPGLAGLQETQYF	TRBV7-6*01	TRBJ2-5*01	TRB
CASSFGLGETQYF	TRBV7-6*01	TRBJ2-5*01	TRB
CASTVNGHPYEQYF	TRBV7-6*01	TRBJ2-7*01	TRB
CASSLTGGSYEQYF	TRBV7-6*01	TRBJ2-5*01	TRB
CASSLGGSSDTQYF	TRBV7-6*01	TRBJ2-3*01	TRB
CASSLAYPTGELFF	TRBV7-6*01	TRBJ2-2*01	TRB
CASSLATGADTQYF	TRBV7-6*01	TRBJ2-3*01	TRB
CASSSPDRIQETQYF	TRBV5-7*01	TRBJ2-5*01	TRB
CASSVGNTEAFF	TRBV5-7*01	TRBJ1-1*01	TRB
CASSRFQLTSGRNEQFF	TRBV5-7*01	TRBJ2-1*01	TRB
CASSFSRLAYEQYF	TRBV5-7*01	TRBJ2-5*01	TRB
CASSLSVTGELFF	TRBV7-7*01	TRBJ2-2*01	TRB
CASSQGLAGEETQYF	TRBV7-7*01	TRBJ2-5*01	TRB
CASSPFGGGDNEQFF	TRBV7-7*01	TRBJ2-1*01	TRB
CASSRSTSGSSDEQFF	TRBV7-7*01	TRBJ2-1*01	TRB
CASSFGGRADTQYF	TRBV7-7*01	TRBJ2-3*01	TRB
CASRGFRTAGLAGKQFF	TRBV27*01	TRBJ2-1*01	TRB
CASSPSDKPNPNQPQHF	TRBV27*01	TRBJ1-5*01	TRB
CASKLTGVAGVAGELFF	TRBV27*01	TRBJ2-2*01	TRB
CASHKRGGMGDTDTQYF	TRBV27*01	TRBJ2-3*01	TRB
CASSPPGGPSPNNEQFF	TRBV27*01	TRBJ2-1*01	TRB
CASSLTMRQGIYNEQFF	TRBV27*01	TRBJ2-1*01	TRB
CASSLTGIGNTEAFF	TRBV5-5*01	TRBJ1-1*01	TRB
CASSLSGAYEQYF	TRBV5-5*01	TRBJ2-7*01	TRB
CASSSLAGPSSIYEQYF	TRBV5-5*01	TRBJ2-7*01	TRB
CASSLLSNQPQHF	TRBV5-5*01	TRBJ1-5*01	TRB
CASSLFLETQYF	TRBV5-5*01	TRBJ2-5*01	TRB
CASSLGARGSSEQYF	TRBV5-5*01	TRBJ2-7*01	TRB
CASSFQTGANSPLHF	TRBV5-5*01	TRBJ1-6*01	TRB
CASRILAGGYNEQFF	TRBV5-5*01	TRBJ2-1*01	TRB
CASSLNGGYEQYF	TRBV5-5*01	TRBJ2-7*01	TRB
CASTLGPDQETQYF	TRBV5-5*01	TRBJ2-5*01	TRB
CASSLPIQETQYF	"TRBV6-6*02, or TRBV6-6*01"	TRBJ2-5*01	TRB
CATRQEQITDTQYF	"TRBV6-6*02, or TRBV6-6*01"	TRBJ2-3*01	TRB
CATRGTSGFYEQYF	"TRBV6-6*02, or TRBV6-6*01"	TRBJ2-7*01	TRB
CASSPGGGNYGYTF	"TRBV6-6*02, or TRBV6-6*01"	TRBJ1-2*01	TRB
CASSAGGVRETQYF	"TRBV6-6*02, or TRBV6-6*01"	TRBJ2-5*01	TRB
CASSYPLTSYEQYF	"TRBV6-6*02, or TRBV6-6*01"	TRBJ2-7*01	TRB
CASSNGLAGVGDTQYF	"TRBV6-6*02, or TRBV6-6*01"	TRBJ2-3*01	TRB
CASS*LGLYNEQFF	"TRBV6-6*02, or TRBV6-6*01"	TRBJ2-1*01	TRB
CASRTGTGGLHEQYF	"TRBV6-6*02, or TRBV6-6*01"	TRBJ2-7*01	TRB
CASSYKDGPAYEQYF	"TRBV6-6*02, or TRBV6-6*01"	TRBJ2-7*01	TRB
CASSSLTSGPKETQYF	"TRBV6-6*02, or TRBV6-6*01"	TRBJ2-5*01	TRB
CASLGAPDTQYF	"TRBV6-6*02, or TRBV6-6*01"	TRBJ2-3*01	TRB
CASSFVFF	TRBV5-7*01	TRBJ2-1*01	TRB
CASTFPRKGYEQYF	TRBV6-8*01	TRBJ2-7*01	TRB
CASTTDRATDTQYF	TRBV6-8*01	TRBJ2-3*01	TRB
CASDPGTSGALAYEQYF	TRBV6-8*01	TRBJ2-7*01	TRB
CARGLTAGGAYEQYF	TRBV6-8*01	TRBJ2-5*01	TRB
CASSVPDTQYF	TRBV6-8*01	TRBJ2-3*01	TRB
CASSLALGRRETQYF	TRBV7-7*01	TRBJ2-5*01	TRB
CASSRSGRANGELFF	TRBV7-7*01	TRBJ2-2*01	TRB
CASSLSGTGGEQFF	TRBV7-7*01	TRBJ2-1*01	TRB
CASSSGLAGDTDTQYF	TRBV7-7*01	TRBJ2-3*01	TRB
CASSLATGQGTGELFF	TRBV7-7*01	TRBJ2-2*01	TRB
CASSLVGNTEAFF	TRBV7-7*01	TRBJ1-1*01	TRB
CASSPLMTPGEQFF	TRBV7-7*01	TRBJ2-1*01	TRB
CASSLGLAGQETQYF	TRBV5-6*01	TRBJ2-5*01	TRB
CASSGQGQGFYGYTF	TRBV5-6*01	TRBJ1-2*01	TRB
CASSGGVVPSYNEQFF	TRBV5-6*01	TRBJ2-1*01	TRB
CASSFWASAITDTQYF	TRBV5-6*01	TRBJ2-3*01	TRB
CASSTLRAKNIQYF	TRBV5-6*01	TRBJ2-4*01	TRB
CASSQTGKHGNTGELFF	TRBV5-6*01	TRBJ2-2*01	TRB
CASSSPGLAGDPYEQYF	TRBV5-6*01	TRBJ2-7*01	TRB
CASSWEQGDRETQYF	TRBV5-6*01	TRBJ2-5*01	TRB
CASSLRGRFSGANVLTF	TRBV5-6*01	TRBJ2-6*01	TRB
CASSF*TGRNEKLFF	TRBV5-7*01	TRBJ1-4*01	TRB
CASSGKD*TNEKLFF	TRBV5-7*01	TRBJ1-4*01	TRB
CAST*GD*REYRTDTQYF	TRBV5-7*01	TRBJ2-3*01	TRB
CASSFSRLAYEQYF	TRBV5-7*01	TRBJ2-7*01	TRB
CASSLALGVYNEQFF	TRBV7-6*01	TRBJ2-1*01	TRB
CASSQGPGEQYF	TRBV7-6*01	TRBJ2-5*01	TRB
CASSL*RERPQETQYF	TRBV7-6*01	TRBJ2-5*01	TRB
CASSRNSGNTGELFF	TRBV7-6*01	TRBJ2-2*01	TRB
CASSPGLAGEETQYF	TRBV7-6*01	TRBJ2-5*01	TRB
CASSLVQGYQETQYF	TRBV7-6*01	TRBJ2-5*01	TRB
CASSFSAGRHYEQYF	TRBV7-6*01	TRBJ2-7*01	TRB
CASSSTGGSLYEQYF	TRBV7-6*01	TRBJ2-7*01	TRB
CASSSPYSAKETQYF	TRBV7-6*01	TRBJ2-5*01	TRB
CASSLDPFGRGEQYF	TRBV7-6*01	TRBJ2-7*01	TRB
CASSLARRGTDTQYF	TRBV7-6*01	TRBJ2-3*01	TRB
CASSSSGRGSAFPYNEQFF	TRBV7-6*01	TRBJ2-1*01	TRB
CASSSSSLYEQYF	TRBV5-5*01	TRBJ2-7*01	TRB
CASSSRAGFANTGELFF	TRBV5-5*01	TRBJ2-2*01	TRB
CASNGHHSYEQYF	TRBV5-5*01	TRBJ2-7*01	TRB
CASSGREKRNTDTQYF	TRBV5-5*01	TRBJ2-3*01	TRB
CASSLVGSGTAFGETQYF	TRBV5-5*01	TRBJ2-5*01	TRB
CASSLYSRDRGGYTF	TRBV5-5*01	TRBJ1-2*01	TRB
CASSRAGTGGSYEQYF	TRBV5-5*01	TRBJ2-7*01	TRB
CASWWQVSNDEQYF	TRBV5-5*01	TRBJ2-7*01	TRB
CASSLVPGRHQPQHF	TRBV5-5*01	TRBJ1-5*01	TRB
CASSLGPLNTEAFF	TRBV5-5*01	TRBJ1-1*01	TRB
CASSLEWTGSGYTF	TRBV5-5*01	TRBJ1-2*01	TRB
CARSGFYEQYF	"TRBV6-6*02, or TRBV6-6*01"	TRBJ2-5*01	TRB
CASREGEGPQHF	"TRBV6-6*02, or TRBV6-6*01"	TRBJ1-5*01	TRB
CASSYRGRQETQYF	"TRBV6-6*02, or TRBV6-6*01"	TRBJ2-5*01	TRB
CASSYLGASYEQYF	"TRBV6-6*02, or TRBV6-6*01"	TRBJ2-7*01	TRB
CASSYPGQGSYEQYF	"TRBV6-6*02, or TRBV6-6*01"	TRBJ2-5*01	TRB
CASSHRAGAGTDTQYF	"TRBV6-6*02, or TRBV6-6*01"	TRBJ2-3*01	TRB
CASRNQGAGGANVLTF	"TRBV6-6*02, or TRBV6-6*01"	TRBJ2-6*01	TRB
CASKRRAGETQYF	"TRBV6-6*02, or TRBV6-6*01"	TRBJ2-5*01	TRB
CASSLTGGNEQFF	"TRBV6-6*02, or TRBV6-6*01"	TRBJ2-1*01	TRB
CASTGTLNTGELFF	"TRBV6-6*02, or TRBV6-6*01"	TRBJ2-2*01	TRB
CASSGGLARGETQYF	"TRBV6-6*02, or TRBV6-6*01"	TRBJ2-5*01	TRB
CASSLGTGGKETQYF	TRBV7-7*01	TRBJ2-5*01	TRB
CASSLVRGPQETQYF	TRBV7-7*01	TRBJ2-5*01	TRB
CASSRPTGRSYEQYF	TRBV7-7*01	TRBJ2-7*01	TRB
CASSFD*RSYNEQFF	TRBV7-7*01	TRBJ2-1*01	TRB
CASSITATVKATQYF	TRBV7-7*01	TRBJ2-5*01	TRB
CASSIQGADMQYF	TRBV13*01	TRBJ2-3*01	TRB
CASSLVRAHEQYF	TRBV13*01	TRBJ2-7*01	TRB
CASSIQGADTQYF	TRBV13*01	TRBJ2-3*01	TRB
CASSPRGRRTDTQYF	TRBV13*01	TRBJ2-3*01	TRB
CASSLRLRAQETQYF	TRBV13*01	TRBJ2-5*01	TRB
CASSRGTSDVEQYF	TRBV27*01	TRBJ2-7*01	TRB
CASSFQGSNQPQHF	TRBV27*01	TRBJ1-5*01	TRB
CASRTGGRDGELFF	TRBV27*01	TRBJ2-2*01	TRB
CASSNQWASQETQYF	TRBV27*01	TRBJ2-5*01	TRB
CASSVSGRVTGELFF	TRBV27*01	TRBJ2-2*01	TRB
CASSPGFSYQETQYF	TRBV27*01	TRBJ2-5*01	TRB
CASSPDGRRRVISPGTQYF	TRBV27*01	TRBJ2-3*01	TRB
CASSFEGGALAKNIQYF	TRBV27*01	TRBJ2-4*01	TRB
CASLSGVEQFF	TRBV27*01	TRBJ2-1*01	TRB
CARGLTAGGAYEQYF	TRBV6-8*01	TRBJ2-7*01	TRB
CASSYSGRAPDTQYF	TRBV13*01	TRBJ2-3*01	TRB
CASSLAGSYNEQFF	TRBV13*01	TRBJ2-1*01	TRB
CASSSIPLGEETQYF	TRBV13*01	TRBJ2-5*01	TRB
CASSLDLAPRDEQFF	TRBV13*01	TRBJ2-1*01	TRB
CASSFRTSREDTQYF	TRBV13*01	TRBJ2-3*01	TRB
CASSLWGGETQYF	TRBV13*01	TRBJ2-5*01	TRB
CASSLAGGPSNEQFF	TRBV13*01	TRBJ2-1*01	TRB
CASSLGGTSQETQYF	TRBV13*01	TRBJ2-5*01	TRB
CASSLVADGSYEQYF	TRBV13*01	TRBJ2-7*01	TRB
CASSSRDRGRYEQYF	TRBV13*01	TRBJ2-5*01	TRB
CASRSGRRYQETQYF	TRBV13*01	TRBJ2-5*01	TRB
CASSLTQPGHGYTF	TRBV13*01	TRBJ1-2*01	TRB
CASSFPPGRYRDTQYF	TRBV5-6*01	TRBJ2-3*01	TRB
CASSLEVQGSGNTIYF	TRBV5-6*01	TRBJ1-3*01	TRB
CASSPSTTGGYTF	TRBV5-6*01	TRBJ1-2*01	TRB
CASSLQGYYEQYF	TRBV5-6*01	TRBJ2-7*01	TRB
CASSSDRDFHTDTQYF	TRBV5-6*01	TRBJ2-3*01	TRB
CASSLEWLAGGKIHEQFF	TRBV5-6*01	TRBJ2-1*01	TRB
CASMLWRDSSYEQYF	TRBV5-6*01	TRBJ2-7*01	TRB
CASSSGPLAGEQETQYF	TRBV5-6*01	TRBJ2-5*01	TRB
CASSLGRGSASTDTQYF	TRBV5-6*01	TRBJ2-3*01	TRB
CASSLGQYNSPLHF	TRBV5-5*01	TRBJ1-6*01	TRB
CASSPRDSPNQPQHF	TRBV5-5*01	TRBJ1-5*01	TRB
CASSLRLAGGKDEQFF	TRBV5-5*01	TRBJ2-1*01	TRB
CASS*PLEIQETQYF	TRBV5-5*01	TRBJ2-5*01	TRB
CASSPLGLAAFF	TRBV5-5*01	TRBJ1-1*01	TRB
CASSLVTGPYGYTF	TRBV5-5*01	TRBJ1-2*01	TRB
CASSLVGQGAGRNEQFF	TRBV5-5*01	TRBJ2-1*01	TRB
CASSLDWQSSYEQYF	TRBV5-5*01	TRBJ2-7*01	TRB
CASSLGGRGEQYF	TRBV5-5*01	TRBJ2-7*01	TRB
CATRDRAGLVGETQYF	TRBV5-5*01	TRBJ2-5*01	TRB
CASSRPSGIVKNIQYF	"TRBV6-6*02, or TRBV6-6*01"	TRBJ2-4*01	TRB
CASSYIDVGELFF	"TRBV6-6*02, or TRBV6-6*01"	TRBJ1-4*01	TRB
CASSYGENFEAFF	"TRBV6-6*02, or TRBV6-6*01"	TRBJ1-1*01	TRB
CASSYSTGLYEQYF	"TRBV6-6*02, or TRBV6-6*01"	TRBJ2-7*01	TRB
CASSGRDRGLGYTF	"TRBV6-6*02, or TRBV6-6*01"	TRBJ1-2*01	TRB
CASSSRGGLAGVPQYF	"TRBV6-6*02, or TRBV6-6*01"	TRBJ2-3*01	TRB
CASKGAGGYEQYF	"TRBV6-6*02, or TRBV6-6*01"	TRBJ2-7*01	TRB
CASSRSGMGNEQFF	"TRBV6-6*02, or TRBV6-6*01"	TRBJ2-1*01	TRB
CASSYPQFPNEQFF	"TRBV6-6*02, or TRBV6-6*01"	TRBJ2-1*01	TRB
CASTTNGRVGDEQYF	"TRBV6-6*02, or TRBV6-6*01"	TRBJ2-7*01	TRB
CASSRLAGRKIETQYF	TRBV7-6*01	TRBJ2-5*01	TRB
CASSLAGRGAYNEQFF	TRBV7-6*01	TRBJ2-1*01	TRB
CASSLGTGISYNEQFF	TRBV7-6*01	TRBJ2-1*01	TRB
CASSLLTSGTETQYF	TRBV7-6*01	TRBJ2-5*01	TRB
CASSLAWVKRPRGHNEQFF	TRBV7-6*01	TRBJ2-1*01	TRB
CASSLYYSGQGETQYF	TRBV7-6*01	TRBJ2-5*01	TRB
CASSLGTTGSSGEQYF	TRBV7-6*01	TRBJ2-7*01	TRB
CASSFSD*EDTQYF	TRBV7-6*01	TRBJ2-3*01	TRB
CASSLLAGGAGELFF	TRBV7-6*01	TRBJ2-2*01	TRB
CASSSGSVPTDTQYF	TRBV7-6*01	TRBJ2-3*01	TRB
CASSYTPPGLAGGAYEQYF	TRBV7-6*01	TRBJ2-7*01	TRB
CASSARDKTRQTQYF	TRBV5-8*01	TRBJ2-5*01	TRB
CASSLKRLRTETQYF	TRBV5-8*01	TRBJ2-5*01	TRB
CASSLGGRGTPQETQYF	TRBV5-8*01	TRBJ2-5*01	TRB
CASSFPLRLSYEQYF	TRBV5-8*01	TRBJ2-7*01	TRB
CASSPGTGYGDEQYF	TRBV5-8*01	TRBJ2-7*01	TRB
CASRLSGSETQYF	TRBV5-8*01	TRBJ2-5*01	TRB
CASSPGTAGATSTRYEQYF	TRBV5-8*01	TRBJ2-7*01	TRB
CASSLGISGRGQETQYF	TRBV5-8*01	TRBJ2-5*01	TRB
CASNKLAVNTGELFF	TRBV5-8*01	TRBJ2-2*01	TRB
CASSLGGANTDTQYF	TRBV5-8*01	TRBJ2-3*01	TRB
CASSLGDRGMETQYF	TRBV5-8*01	TRBJ2-5*01	TRB
CASSGVAGRATGELFF	TRBV7-7*01	TRBJ2-2*01	TRB
CASSGYRDRGPPYEQYF	TRBV7-7*01	TRBJ2-7*01	TRB
CASSPGLTYNEQFF	TRBV7-7*01	TRBJ2-1*01	TRB
CASSLKASGIHEQYF	TRBV7-7*01	TRBJ2-7*01	TRB
CASSLTGTGGLDEQFF	TRBV7-7*01	TRBJ2-1*01	TRB
CASSYSGRRETQYF	TRBV7-7*01	TRBJ2-5*01	TRB
CASSLTLAGGGEQFF	TRBV7-7*01	TRBJ2-1*01	TRB
CASSAGTAPEQYF	TRBV13*01	TRBJ2-7*01	TRB
CASSLSAGIEQYF	TRBV13*01	TRBJ2-7*01	TRB
CASSLTGETQYF	TRBV13*01	TRBJ2-5*01	TRB
CASSSGQGTDTQYF	TRBV13*01	TRBJ2-3*01	TRB
CASSGLAGYNEQFF	TRBV13*01	TRBJ2-1*01	TRB
CASSLLGQTYEQYF	TRBV13*01	TRBJ2-7*01	TRB
CASSLFVVETQYF	TRBV13*01	TRBJ2-5*01	TRB
CASSKGLTDTQYF	TRBV13*01	TRBJ2-3*01	TRB
CASTQGGAPYEQYF	TRBV13*01	TRBJ2-7*01	TRB
CASSYPGRDNEQFF	TRBV13*01	TRBJ2-1*01	TRB
CASGTGLDTDTQYF	TRBV13*01	TRBJ2-3*01	TRB
CASSAGRGSSYEQYF	TRBV13*01	TRBJ2-5*01	TRB
CASSYESRD*RYNEQFF	TRBV6-8*01	TRBJ2-1*01	TRB
CASSYSGQSSYNEQFF	TRBV6-8*01	TRBJ2-1*01	TRB
CASSYLASGSSTDTQYF	TRBV6-8*01	TRBJ2-3*01	TRB
CASSLGQGGYGYTF	TRBV5-5*01	TRBJ1-2*01	TRB
CASSSRTGGSEQYF	TRBV5-5*01	TRBJ2-7*01	TRB
CASRSGRANGETQYF	TRBV5-5*01	TRBJ2-5*01	TRB
CASSLDRVGTDTQYF	TRBV5-5*01	TRBJ2-3*01	TRB
CASSGGTGGTDTQYF	TRBV5-5*01	TRBJ2-3*01	TRB
CASSLFSDTQYF	TRBV5-5*01	TRBJ2-3*01	TRB
CASSLAGTGVDQPQHF	TRBV5-5*01	TRBJ1-5*01	TRB
CASSWGWGGETQYF	TRBV5-5*01	TRBJ2-5*01	TRB
CASSSGGSGGVGNTIYF	TRBV5-5*01	TRBJ1-3*01	TRB
CASRTSTSGALYEQYF	TRBV5-5*01	TRBJ2-7*01	TRB
CASSLTNTDTQYF	TRBV5-5*01	TRBJ2-3*01	TRB
CASSRPTGEQYF	TRBV27*01	TRBJ2-7*01	TRB
CASSFRTGELFF	TRBV27*01	TRBJ2-2*01	TRB
CASSLWGGKQFF	TRBV27*01	TRBJ2-1*01	TRB
CASSPKRSQETQYF	TRBV27*01	TRBJ2-5*01	TRB
CASSPRTGGYGYTF	TRBV27*01	TRBJ1-2*01	TRB
CASSLKWGGYEQYF	TRBV27*01	TRBJ2-7*01	TRB
CASSLRLGGNEQYF	TRBV27*01	TRBJ2-7*01	TRB
LSGYTF	TRBV27*01	TRBJ1-2*01	TRB
CASSPRDRSTRGYTF	TRBV27*01	TRBJ1-2*01	TRB
CASSYSISPSRSQYF	"TRBV6-6*02, or TRBV6-6*01"	TRBJ2-5*01	TRB
CASSYGPGQFF	"TRBV6-6*02, or TRBV6-6*01"	TRBJ2-1*01	TRB
CASSTQMGENIQYF	"TRBV6-6*02, or TRBV6-6*01"	TRBJ2-4*01	TRB
CASSRSASGMAEQFF	"TRBV6-6*02, or TRBV6-6*01"	TRBJ2-1*01	TRB
CASSYQAGGPYEQYF	"TRBV6-6*02, or TRBV6-6*01"	TRBJ2-7*01	TRB
CASSQSLTGDTEAFF	"TRBV6-6*02, or TRBV6-6*01"	TRBJ1-1*01	TRB
CASFFMASVADTQYF	"TRBV6-6*02, or TRBV6-6*01"	TRBJ2-3*01	TRB
CASSYSSSTDTQYF	"TRBV6-6*02, or TRBV6-6*01"	TRBJ2-3*01	TRB
CASSRGGATDTQYF	"TRBV6-6*02, or TRBV6-6*01"	TRBJ2-3*01	TRB
CASSHRGVSPYEQYF	"TRBV6-6*02, or TRBV6-6*01"	TRBJ2-7*01	TRB
CASSYSGQGIDEQYF	"TRBV6-6*02, or TRBV6-6*01"	TRBJ2-5*01	TRB
CASSKNRGYGYTF	TRBV7-6*01	TRBJ1-2*01	TRB
CASSARGEGTEAFF	TRBV7-6*01	TRBJ1-1*01	TRB
CASSLETGAETQYF	TRBV7-6*01	TRBJ2-5*01	TRB
CASSLNQASPQHF	TRBV7-6*01	TRBJ1-5*01	TRB
CASGRGRQETQYF	TRBV7-6*01	TRBJ2-5*01	TRB
CASTPGQGAYTQYF	TRBV7-6*01	TRBJ2-3*01	TRB
CASSPTGGTETQYF	TRBV7-6*01	TRBJ2-5*01	TRB
CASSSQGAANYGYTF	TRBV7-6*01	TRBJ1-2*01	TRB
CASSPLAGGLGNEQFF	TRBV7-6*01	TRBJ2-1*01	TRB
CASSVSGGSGNTIYF	TRBV7-7*01	TRBJ1-3*01	TRB
CASSPGLVNEQFF	TRBV7-7*01	TRBJ2-1*01	TRB
CASSLISAQGESSYEQYF	TRBV7-7*01	TRBJ2-7*01	TRB
*GMSSGANVLTF	TRBV7-7*01	TRBJ2-6*01	TRB
CASSLGGSGANVLTF	TRBV7-7*01	TRBJ2-6*01	TRB
CASSSGTGSEKLFF	TRBV7-7*01	TRBJ1-4*01	TRB
CASSFTSGKTDTQYF	TRBV5-6*01	TRBJ2-3*01	TRB
CASSLGKRNTGELFF	TRBV5-6*01	TRBJ2-2*01	TRB
CASSFATSGGAYEQYF	TRBV5-6*01	TRBJ2-7*01	TRB
CASSSAITLPGLSTDTQYF	TRBV5-6*01	TRBJ2-3*01	TRB
CASSFDNEQFF	TRBV5-6*01	TRBJ2-1*01	TRB
CASRPWTGGFTGELFF	TRBV5-6*01	TRBJ2-2*01	TRB
CASSLIRGAGTGELFF	TRBV5-6*01	TRBJ2-2*01	TRB
CASSRPPIVDTQYF	TRBV5-6*01	TRBJ2-3*01	TRB
CASSLRHTGNTIYF	TRBV5-6*01	TRBJ1-3*01	TRB
CASSLASPQETQYF	TRBV5-6*01	TRBJ2-5*01	TRB
CASSLRRILGFSYTF	TRBV13*01	TRBJ1-2*01	TRB
CASSLALAGNSPLHF	TRBV13*01	TRBJ1-6*01	TRB
CASSLPGIRADTQYF	TRBV13*01	TRBJ2-3*01	TRB
CASSFGGESSYEQYF	TRBV13*01	TRBJ2-5*01	TRB
CASRQTGGPYNEQFF	TRBV13*01	TRBJ2-1*01	TRB
CASSRRGTGANVLTF	TRBV13*01	TRBJ2-6*01	TRB
CASSISGRASETQYF	TRBV13*01	TRBJ2-5*01	TRB
CASSFAKTANNEQFF	TRBV13*01	TRBJ2-1*01	TRB
CASSSRGREETQYF	TRBV13*01	TRBJ2-5*01	TRB
CASSLGRGPTDTQYF	TRBV13*01	TRBJ2-3*01	TRB
CASSFGDWGGNEQFF	TRBV13*01	TRBJ2-1*01	TRB
CASSRTPDSYEQYF	TRBV13*01	TRBJ2-7*01	TRB
CASSFPRNSGANVLTF	TRBV5-8*01	TRBJ2-6*01	TRB
CASSLLTGTFQETQYF	TRBV5-8*01	TRBJ2-5*01	TRB
CASSLALRAEDTQYF	TRBV5-8*01	TRBJ2-3*01	TRB
CASSLGTPTDTQYF	TRBV5-8*01	TRBJ2-3*01	TRB
CASSLTLRSYEQYF	TRBV5-8*01	TRBJ2-7*01	TRB
CASSLVFRGAEAFF	TRBV5-8*01	TRBJ1-1*01	TRB
CASSLGRVSNQPQHF	TRBV5-8*01	TRBJ1-5*01	TRB